cond,t_rel_s,at_paris,sub,pin,kind,ssrc,w,h,fps,bytesReceived,packetsLost,jitter,freezeCount,totalFreezesDuration,decoderImplementation
ab-file-3L-off-h264,2,2026-10-06T03:07:39.445,ab-sub-hi,HIGH,audio,3019973571,,,,267564,0,0.001,,,
ab-file-3L-off-h264,2,2026-10-06T03:07:39.445,ab-sub-hi,HIGH,video,964564850,640,360,20,1330578,0,0.005,0,0,
ab-file-3L-off-h264,2,2026-10-06T03:07:39.445,ab-sub-lo,LOW,audio,931678322,,,,257235,0,0.001,,,
ab-file-3L-off-h264,2,2026-10-06T03:07:39.445,ab-sub-lo,LOW,video,1465621011,320,180,20,540223,0,0.002,0,0,
ab-file-3L-off-h264,4,2026-10-06T03:07:41.472,ab-sub-hi,HIGH,audio,3019973571,,,,292644,0,0.001,,,
ab-file-3L-off-h264,4,2026-10-06T03:07:41.472,ab-sub-hi,HIGH,video,964564850,640,360,20,1445962,0,0.005,0,0,
ab-file-3L-off-h264,4,2026-10-06T03:07:41.472,ab-sub-lo,LOW,audio,931678322,,,,282072,0,0.001,,,
ab-file-3L-off-h264,4,2026-10-06T03:07:41.472,ab-sub-lo,LOW,video,1465621011,320,180,20,577786,0,0.002,0,0,
ab-file-3L-off-h264,6.1,2026-10-06T03:07:43.492,ab-sub-hi,HIGH,audio,3019973571,,,,316804,0,0.002,,,
ab-file-3L-off-h264,6.1,2026-10-06T03:07:43.492,ab-sub-hi,HIGH,video,964564850,640,360,21,1562015,0,0.014,0,0,
ab-file-3L-off-h264,6.1,2026-10-06T03:07:43.492,ab-sub-lo,LOW,audio,931678322,,,,306232,0,0.002,,,
ab-file-3L-off-h264,6.1,2026-10-06T03:07:43.492,ab-sub-lo,LOW,video,1465621011,320,180,20,615377,0,0.003,0,0,
ab-file-3L-off-h264,8.1,2026-10-06T03:07:45.524,ab-sub-hi,HIGH,audio,3019973571,,,,330741,0,0.001,,,
ab-file-3L-off-h264,8.1,2026-10-06T03:07:45.524,ab-sub-hi,HIGH,video,964564850,640,360,21,1675333,0,0.01,0,0,
ab-file-3L-off-h264,8.1,2026-10-06T03:07:45.524,ab-sub-lo,LOW,audio,931678322,,,,320169,0,0.001,,,
ab-file-3L-off-h264,8.1,2026-10-06T03:07:45.524,ab-sub-lo,LOW,video,1465621011,320,180,19,652947,0,0.003,0,0,
ab-file-3L-off-h264,10.1,2026-10-06T03:07:47.557,ab-sub-hi,HIGH,audio,3019973571,,,,354437,0,0.001,,,
ab-file-3L-off-h264,10.1,2026-10-06T03:07:47.557,ab-sub-hi,HIGH,video,964564850,640,360,20,1786131,0,0.008,0,0,
ab-file-3L-off-h264,10.1,2026-10-06T03:07:47.557,ab-sub-lo,LOW,audio,931678322,,,,344389,0,0.001,,,
ab-file-3L-off-h264,10.1,2026-10-06T03:07:47.557,ab-sub-lo,LOW,video,1465621011,320,180,20,691330,0,0.002,0,0,
ab-file-3L-off-h264,12.2,2026-10-06T03:07:49.586,ab-sub-hi,HIGH,audio,3019973571,,,,379373,0,0.001,,,
ab-file-3L-off-h264,12.2,2026-10-06T03:07:49.586,ab-sub-hi,HIGH,video,964564850,640,360,21,1902609,0,0.01,0,0,
ab-file-3L-off-h264,12.2,2026-10-06T03:07:49.586,ab-sub-lo,LOW,audio,931678322,,,,368801,0,0.001,,,
ab-file-3L-off-h264,12.2,2026-10-06T03:07:49.586,ab-sub-lo,LOW,video,1465621011,320,180,20,728798,0,0.003,0,0,
ab-file-3L-off-h264,14.2,2026-10-06T03:07:51.608,ab-sub-hi,HIGH,audio,3019973571,,,,386711,0,0.001,,,
ab-file-3L-off-h264,14.2,2026-10-06T03:07:51.608,ab-sub-hi,HIGH,video,964564850,640,360,20,2016308,0,0.011,0,0,
ab-file-3L-off-h264,14.2,2026-10-06T03:07:51.608,ab-sub-lo,LOW,audio,931678322,,,,376139,0,0.001,,,
ab-file-3L-off-h264,14.2,2026-10-06T03:07:51.608,ab-sub-lo,LOW,video,1465621011,320,180,20,766258,0,0.009,0,0,
ab-file-3L-off-h264,16.2,2026-10-06T03:07:53.625,ab-sub-hi,HIGH,audio,3019973571,,,,395232,0,0.001,,,
ab-file-3L-off-h264,16.2,2026-10-06T03:07:53.625,ab-sub-hi,HIGH,video,964564850,640,360,20,2127743,0,0.01,0,0,
ab-file-3L-off-h264,16.2,2026-10-06T03:07:53.625,ab-sub-lo,LOW,audio,931678322,,,,384660,0,0.001,,,
ab-file-3L-off-h264,16.2,2026-10-06T03:07:53.625,ab-sub-lo,LOW,video,1465621011,320,180,20,803254,0,0.007,0,0,
ab-file-3L-off-h264,18.2,2026-10-06T03:07:55.653,ab-sub-hi,HIGH,audio,3019973571,,,,419818,0,0.001,,,
ab-file-3L-off-h264,18.2,2026-10-06T03:07:55.653,ab-sub-hi,HIGH,video,964564850,640,360,20,2240278,0,0.008,0,0,
ab-file-3L-off-h264,18.2,2026-10-06T03:07:55.653,ab-sub-lo,LOW,audio,931678322,,,,409246,0,0.001,,,
ab-file-3L-off-h264,18.2,2026-10-06T03:07:55.653,ab-sub-lo,LOW,video,1465621011,320,180,19,841736,0,0.003,0,0,
ab-file-3L-off-h264,20.3,2026-10-06T03:07:57.684,ab-sub-hi,HIGH,audio,3019973571,,,,444346,0,0.001,,,
ab-file-3L-off-h264,20.3,2026-10-06T03:07:57.684,ab-sub-hi,HIGH,video,964564850,640,360,20,2350315,0,0.007,0,0,
ab-file-3L-off-h264,20.3,2026-10-06T03:07:57.684,ab-sub-lo,LOW,audio,931678322,,,,433993,0,0.001,,,
ab-file-3L-off-h264,20.3,2026-10-06T03:07:57.684,ab-sub-lo,LOW,video,1465621011,320,180,21,877557,0,0.004,0,0,
ab-file-3L-off-h264,22.3,2026-10-06T03:07:59.717,ab-sub-hi,HIGH,audio,3019973571,,,,469490,0,0.001,,,
ab-file-3L-off-h264,22.3,2026-10-06T03:07:59.717,ab-sub-hi,HIGH,video,964564850,640,360,18,2472808,0,0.014,0,0,
ab-file-3L-off-h264,22.3,2026-10-06T03:07:59.717,ab-sub-lo,LOW,audio,931678322,,,,458918,0,0.001,,,
ab-file-3L-off-h264,22.3,2026-10-06T03:07:59.717,ab-sub-lo,LOW,video,1465621011,320,180,18,918207,0,0.004,0,0,
ab-file-3L-off-h264,24.3,2026-10-06T03:08:01.742,ab-sub-hi,HIGH,audio,3019973571,,,,494428,0,0.001,,,
ab-file-3L-off-h264,24.3,2026-10-06T03:08:01.742,ab-sub-hi,HIGH,video,964564850,640,360,19,2540545,0,0.005,0,0,
ab-file-3L-off-h264,24.3,2026-10-06T03:08:01.742,ab-sub-lo,LOW,audio,931678322,,,,483856,0,0.001,,,
ab-file-3L-off-h264,24.3,2026-10-06T03:08:01.742,ab-sub-lo,LOW,video,1465621011,320,180,19,940535,0,0.004,0,0,
ab-file-3L-off-h264,26.3,2026-10-06T03:08:03.760,ab-sub-hi,HIGH,audio,3019973571,,,,518582,0,0.001,,,
ab-file-3L-off-h264,26.3,2026-10-06T03:08:03.760,ab-sub-hi,HIGH,video,964564850,640,360,19,2618190,0,0.005,0,0,
ab-file-3L-off-h264,26.3,2026-10-06T03:08:03.760,ab-sub-lo,LOW,audio,931678322,,,,508264,0,0.001,,,
ab-file-3L-off-h264,26.3,2026-10-06T03:08:03.760,ab-sub-lo,LOW,video,1465621011,320,180,19,965931,0,0.005,0,0,
ab-file-3L-off-h264,28.4,2026-10-06T03:08:05.793,ab-sub-hi,HIGH,audio,3019973571,,,,532172,0,0.001,,,
ab-file-3L-off-h264,28.4,2026-10-06T03:08:05.793,ab-sub-hi,HIGH,video,964564850,640,360,18,2696963,0,0.005,0,0,
ab-file-3L-off-h264,28.4,2026-10-06T03:08:05.793,ab-sub-lo,LOW,audio,931678322,,,,521600,0,0.001,,,
ab-file-3L-off-h264,28.4,2026-10-06T03:08:05.793,ab-sub-lo,LOW,video,1465621011,320,180,17,990079,0,0.005,0,0,
ab-file-3L-off-h264,30.4,2026-10-06T03:08:07.833,ab-sub-hi,HIGH,audio,3019973571,,,,556835,0,0.001,,,
ab-file-3L-off-h264,30.4,2026-10-06T03:08:07.833,ab-sub-hi,HIGH,video,964564850,640,360,19,2780017,0,0.008,0,0,
ab-file-3L-off-h264,30.4,2026-10-06T03:08:07.833,ab-sub-lo,LOW,audio,931678322,,,,546263,0,0.001,,,
ab-file-3L-off-h264,30.4,2026-10-06T03:08:07.833,ab-sub-lo,LOW,video,1465621011,320,180,20,1017171,0,0.008,0,0,
ab-file-3L-off-h264,32.4,2026-10-06T03:08:09.864,ab-sub-hi,HIGH,audio,3019973571,,,,580606,0,0.005,,,
ab-file-3L-off-h264,32.4,2026-10-06T03:08:09.864,ab-sub-hi,HIGH,video,964564850,1280,720,24,2941216,0,0.013,0,0,
ab-file-3L-off-h264,32.4,2026-10-06T03:08:09.864,ab-sub-lo,LOW,audio,931678322,,,,570034,0,0.004,,,
ab-file-3L-off-h264,32.4,2026-10-06T03:08:09.864,ab-sub-lo,LOW,video,1465621011,320,180,19,1043821,0,0.009,0,0,
ab-file-3L-off-h264,34.5,2026-10-06T03:08:11.920,ab-sub-hi,HIGH,audio,3019973571,,,,588174,0,0.002,,,
ab-file-3L-off-h264,34.5,2026-10-06T03:08:11.920,ab-sub-hi,HIGH,video,964564850,1280,720,28,3333690,0,0.012,0,0,
ab-file-3L-off-h264,34.5,2026-10-06T03:08:11.920,ab-sub-lo,LOW,audio,931678322,,,,577841,0,0.002,,,
ab-file-3L-off-h264,34.5,2026-10-06T03:08:11.920,ab-sub-lo,LOW,video,1465621011,320,180,21,1078773,0,0.004,0,0,
ab-file-3L-off-h264,36.5,2026-10-06T03:08:13.952,ab-sub-hi,HIGH,audio,3019973571,,,,597839,0,0.003,,,
ab-file-3L-off-h264,36.5,2026-10-06T03:08:13.952,ab-sub-hi,HIGH,video,964564850,1280,720,26,3680284,0,0.012,0,0,
ab-file-3L-off-h264,36.5,2026-10-06T03:08:13.952,ab-sub-lo,LOW,audio,931678322,,,,587544,0,0.003,,,
ab-file-3L-off-h264,36.5,2026-10-06T03:08:13.952,ab-sub-lo,LOW,video,1465621011,320,180,19,1114164,0,0.01,0,0,
ab-file-3L-off-h264,38.6,2026-10-06T03:08:16.009,ab-sub-hi,HIGH,audio,3019973571,,,,622803,0,0.002,,,
ab-file-3L-off-h264,38.6,2026-10-06T03:08:16.009,ab-sub-hi,HIGH,video,964564850,1280,720,28,4049627,0,0.013,0,0,
ab-file-3L-off-h264,38.6,2026-10-06T03:08:16.009,ab-sub-lo,LOW,audio,931678322,,,,612231,0,0.002,,,
ab-file-3L-off-h264,38.6,2026-10-06T03:08:16.009,ab-sub-lo,LOW,video,1465621011,320,180,20,1153312,0,0.012,0,0,
ab-file-3L-off-h264,40.6,2026-10-06T03:08:18.052,ab-sub-hi,HIGH,audio,3019973571,,,,647702,0,0.002,,,
ab-file-3L-off-h264,40.6,2026-10-06T03:08:18.052,ab-sub-hi,HIGH,video,964564850,1280,720,27,4452907,0,0.013,0,0,
ab-file-3L-off-h264,40.6,2026-10-06T03:08:18.052,ab-sub-lo,LOW,audio,931678322,,,,637130,0,0.002,,,
ab-file-3L-off-h264,40.6,2026-10-06T03:08:18.052,ab-sub-lo,LOW,video,1465621011,320,180,20,1191371,0,0.009,0,0,
ab-file-3L-off-h264,42.7,2026-10-06T03:08:20.103,ab-sub-hi,HIGH,audio,3019973571,,,,673121,0,0.004,,,
ab-file-3L-off-h264,42.7,2026-10-06T03:08:20.103,ab-sub-hi,HIGH,video,964564850,960,540,23,4797902,0,0.015,0,0,
ab-file-3L-off-h264,42.7,2026-10-06T03:08:20.103,ab-sub-lo,LOW,audio,931678322,,,,663247,0,0.004,,,
ab-file-3L-off-h264,42.7,2026-10-06T03:08:20.103,ab-sub-lo,LOW,video,1465621011,240,134,20,1229636,0,0.011,0,0,
ab-file-3L-off-h264,44.8,2026-10-06T03:08:22.222,ab-sub-hi,HIGH,audio,3019973571,,,,698767,0,0.001,,,
ab-file-3L-off-h264,44.8,2026-10-06T03:08:22.222,ab-sub-hi,HIGH,video,964564850,960,540,30,5220418,0,0.012,0,0,
ab-file-3L-off-h264,44.8,2026-10-06T03:08:22.222,ab-sub-lo,LOW,audio,931678322,,,,688195,0,0.001,,,
ab-file-3L-off-h264,44.8,2026-10-06T03:08:22.222,ab-sub-lo,LOW,video,1465621011,240,134,19,1265394,0,0.004,0,0,
ab-file-3L-off-h264,46.8,2026-10-06T03:08:24.265,ab-sub-hi,HIGH,audio,3019973571,,,,723227,0,0.002,,,
ab-file-3L-off-h264,46.8,2026-10-06T03:08:24.265,ab-sub-hi,HIGH,video,964564850,960,540,30,5655860,0,0.013,0,0,
ab-file-3L-off-h264,46.8,2026-10-06T03:08:24.265,ab-sub-lo,LOW,audio,931678322,,,,712860,0,0.001,,,
ab-file-3L-off-h264,46.8,2026-10-06T03:08:24.265,ab-sub-lo,LOW,video,1465621011,240,134,19,1304239,0,0.004,0,0,
ab-file-3L-off-h264,48.9,2026-10-06T03:08:26.291,ab-sub-hi,HIGH,audio,3019973571,,,,736868,0,0.003,,,
ab-file-3L-off-h264,48.9,2026-10-06T03:08:26.291,ab-sub-hi,HIGH,video,964564850,960,540,30,6068613,0,0.011,0,0,
ab-file-3L-off-h264,48.9,2026-10-06T03:08:26.291,ab-sub-lo,LOW,audio,931678322,,,,726296,0,0.003,,,
ab-file-3L-off-h264,48.9,2026-10-06T03:08:26.291,ab-sub-lo,LOW,video,1465621011,240,134,21,1338984,0,0.005,0,0,
ab-file-3L-off-h264,50.9,2026-10-06T03:08:28.336,ab-sub-hi,HIGH,audio,3019973571,,,,761492,0,0.002,,,
ab-file-3L-off-h264,50.9,2026-10-06T03:08:28.336,ab-sub-hi,HIGH,video,964564850,960,540,29,6486304,0,0.011,0,0,
ab-file-3L-off-h264,50.9,2026-10-06T03:08:28.336,ab-sub-lo,LOW,audio,931678322,,,,751154,0,0.002,,,
ab-file-3L-off-h264,50.9,2026-10-06T03:08:28.336,ab-sub-lo,LOW,video,1465621011,240,134,20,1378718,0,0.008,0,0,
ab-file-3L-off-h264,52.9,2026-10-06T03:08:30.380,ab-sub-hi,HIGH,audio,3019973571,,,,780264,0,0.002,,,
ab-file-3L-off-h264,52.9,2026-10-06T03:08:30.380,ab-sub-hi,HIGH,video,964564850,960,540,29,6899532,0,0.011,0,0,
ab-file-3L-off-h264,52.9,2026-10-06T03:08:30.380,ab-sub-lo,LOW,audio,931678322,,,,769692,0,0.001,,,
ab-file-3L-off-h264,52.9,2026-10-06T03:08:30.380,ab-sub-lo,LOW,video,1465621011,240,134,20,1416203,0,0.004,0,0,
ab-file-3L-off-h264,55,2026-10-06T03:08:32.402,ab-sub-hi,HIGH,audio,3019973571,,,,792406,0,0.006,,,
ab-file-3L-off-h264,55,2026-10-06T03:08:32.402,ab-sub-hi,HIGH,video,964564850,960,540,27,7294488,0,0.015,0,0,
ab-file-3L-off-h264,55,2026-10-06T03:08:32.402,ab-sub-lo,LOW,audio,931678322,,,,781834,0,0.006,,,
ab-file-3L-off-h264,55,2026-10-06T03:08:32.402,ab-sub-lo,LOW,video,1465621011,240,134,20,1453746,0,0.009,0,0,
ab-file-3L-off-h264,57,2026-10-06T03:08:34.450,ab-sub-hi,HIGH,audio,3019973571,,,,802348,0,0.002,,,
ab-file-3L-off-h264,57,2026-10-06T03:08:34.450,ab-sub-hi,HIGH,video,964564850,960,540,30,7727254,0,0.014,0,0,
ab-file-3L-off-h264,57,2026-10-06T03:08:34.450,ab-sub-lo,LOW,audio,931678322,,,,792000,0,0.002,,,
ab-file-3L-off-h264,57,2026-10-06T03:08:34.450,ab-sub-lo,LOW,video,1465621011,240,134,20,1490948,0,0.003,0,0,
ab-file-3L-off-h264,59.1,2026-10-06T03:08:36.489,ab-sub-hi,HIGH,audio,3019973571,,,,827085,0,0.002,,,
ab-file-3L-off-h264,59.1,2026-10-06T03:08:36.489,ab-sub-hi,HIGH,video,964564850,960,540,27,8105262,0,0.013,0,0,
ab-file-3L-off-h264,59.1,2026-10-06T03:08:36.489,ab-sub-lo,LOW,audio,931678322,,,,816513,0,0.002,,,
ab-file-3L-off-h264,59.1,2026-10-06T03:08:36.489,ab-sub-lo,LOW,video,1465621011,240,134,20,1529241,0,0.006,0,0,
ab-file-3L-off-h264,61.1,2026-10-06T03:08:38.519,ab-sub-hi,HIGH,audio,3019973571,,,,851689,0,0.001,,,
ab-file-3L-off-h264,61.1,2026-10-06T03:08:38.519,ab-sub-hi,HIGH,video,964564850,960,540,30,8535962,0,0.012,0,0,
ab-file-3L-off-h264,61.1,2026-10-06T03:08:38.519,ab-sub-lo,LOW,audio,931678322,,,,841117,0,0.001,,,
ab-file-3L-off-h264,61.1,2026-10-06T03:08:38.519,ab-sub-lo,LOW,video,1465621011,240,134,20,1565741,0,0.005,0,0,
ab-file-3L-off-h264,63.1,2026-10-06T03:08:40.549,ab-sub-hi,HIGH,audio,3019973571,,,,877088,0,0.001,,,
ab-file-3L-off-h264,63.1,2026-10-06T03:08:40.549,ab-sub-hi,HIGH,video,964564850,960,540,29,8968206,0,0.011,0,0,
ab-file-3L-off-h264,63.1,2026-10-06T03:08:40.549,ab-sub-lo,LOW,audio,931678322,,,,866516,0,0.001,,,
ab-file-3L-off-h264,63.1,2026-10-06T03:08:40.549,ab-sub-lo,LOW,video,1465621011,240,134,20,1603633,0,0.003,0,0,
ab-file-3L-off-h264,65.1,2026-10-06T03:08:42.578,ab-sub-hi,HIGH,audio,3019973571,,,,901752,0,0.002,,,
ab-file-3L-off-h264,65.1,2026-10-06T03:08:42.578,ab-sub-hi,HIGH,video,964564850,960,540,30,9353791,0,0.012,0,0,
ab-file-3L-off-h264,65.1,2026-10-06T03:08:42.578,ab-sub-lo,LOW,audio,931678322,,,,891180,0,0.002,,,
ab-file-3L-off-h264,65.1,2026-10-06T03:08:42.578,ab-sub-lo,LOW,video,1465621011,240,134,20,1640638,0,0.004,0,0,
ab-file-3L-off-h264,67.2,2026-10-06T03:08:44.605,ab-sub-hi,HIGH,audio,3019973571,,,,925735,0,0.001,,,
ab-file-3L-off-h264,67.2,2026-10-06T03:08:44.605,ab-sub-hi,HIGH,video,964564850,960,540,30,9771824,0,0.012,0,0,
ab-file-3L-off-h264,67.2,2026-10-06T03:08:44.605,ab-sub-lo,LOW,audio,931678322,,,,915375,0,0.001,,,
ab-file-3L-off-h264,67.2,2026-10-06T03:08:44.605,ab-sub-lo,LOW,video,1465621011,160,90,20,1680268,0,0.003,0,0,
ab-file-3L-off-h264,69.2,2026-10-06T03:08:46.632,ab-sub-hi,HIGH,audio,3019973571,,,,939580,0,0.001,,,
ab-file-3L-off-h264,69.2,2026-10-06T03:08:46.632,ab-sub-hi,HIGH,video,964564850,320,180,30,9843341,0,0.002,1,0.804,
ab-file-3L-off-h264,69.2,2026-10-06T03:08:46.632,ab-sub-lo,LOW,audio,931678322,,,,929008,0,0.001,,,
ab-file-3L-off-h264,69.2,2026-10-06T03:08:46.632,ab-sub-lo,LOW,video,1465621011,160,90,29,1713016,0,0.001,0,0,
ab-file-3L-off-h264,71.2,2026-10-06T03:08:48.663,ab-sub-hi,HIGH,audio,3019973571,,,,964140,0,0.001,,,
ab-file-3L-off-h264,71.2,2026-10-06T03:08:48.663,ab-sub-hi,HIGH,video,964564850,320,180,31,9957575,0,0.002,1,0.804,
ab-file-3L-off-h264,71.2,2026-10-06T03:08:48.663,ab-sub-lo,LOW,audio,931678322,,,,953833,0,0.001,,,
ab-file-3L-off-h264,71.2,2026-10-06T03:08:48.663,ab-sub-lo,LOW,video,1465621011,160,90,30,1749338,0,0.002,0,0,
ab-file-3L-off-h264,73.3,2026-10-06T03:08:50.690,ab-sub-hi,HIGH,audio,3019973571,,,,979805,0,0.001,,,
ab-file-3L-off-h264,73.3,2026-10-06T03:08:50.690,ab-sub-hi,HIGH,video,964564850,320,180,30,10066866,0,0.002,1,0.804,
ab-file-3L-off-h264,73.3,2026-10-06T03:08:50.690,ab-sub-lo,LOW,audio,931678322,,,,969233,0,0.001,,,
ab-file-3L-off-h264,73.3,2026-10-06T03:08:50.690,ab-sub-lo,LOW,video,1465621011,160,90,31,1785353,0,0.002,0,0,
ab-file-3L-off-h264,75.3,2026-10-06T03:08:52.721,ab-sub-hi,HIGH,audio,3019973571,,,,993625,0,0.001,,,
ab-file-3L-off-h264,75.3,2026-10-06T03:08:52.721,ab-sub-hi,HIGH,video,964564850,320,180,30,10182335,0,0.002,1,0.804,
ab-file-3L-off-h264,75.3,2026-10-06T03:08:52.721,ab-sub-lo,LOW,audio,931678322,,,,983053,0,0.001,,,
ab-file-3L-off-h264,75.3,2026-10-06T03:08:52.721,ab-sub-lo,LOW,video,1465621011,160,90,31,1822090,0,0.002,0,0,
ab-file-3L-off-h264,77.3,2026-10-06T03:08:54.742,ab-sub-hi,HIGH,audio,3019973571,,,,1004280,0,0.001,,,
ab-file-3L-off-h264,77.3,2026-10-06T03:08:54.742,ab-sub-hi,HIGH,video,964564850,320,180,29,10295458,0,0.001,1,0.804,
ab-file-3L-off-h264,77.3,2026-10-06T03:08:54.742,ab-sub-lo,LOW,audio,931678322,,,,993708,0,0.001,,,
ab-file-3L-off-h264,77.3,2026-10-06T03:08:54.742,ab-sub-lo,LOW,video,1465621011,160,90,30,1859115,0,0.001,0,0,
ab-file-3L-off-h264,79.3,2026-10-06T03:08:56.760,ab-sub-hi,HIGH,audio,3019973571,,,,1028724,0,0.001,,,
ab-file-3L-off-h264,79.3,2026-10-06T03:08:56.760,ab-sub-hi,HIGH,video,964564850,320,180,30,10405445,0,0.001,1,0.804,
ab-file-3L-off-h264,79.3,2026-10-06T03:08:56.760,ab-sub-lo,LOW,audio,931678322,,,,1018152,0,0.001,,,
ab-file-3L-off-h264,79.3,2026-10-06T03:08:56.760,ab-sub-lo,LOW,video,1465621011,160,90,28,1895354,0,0.001,0,0,
ab-file-3L-off-h264,81.4,2026-10-06T03:08:58.791,ab-sub-hi,HIGH,audio,3019973571,,,,1053782,0,0.001,,,
ab-file-3L-off-h264,81.4,2026-10-06T03:08:58.791,ab-sub-hi,HIGH,video,964564850,320,180,30,10522879,0,0.001,1,0.804,
ab-file-3L-off-h264,81.4,2026-10-06T03:08:58.791,ab-sub-lo,LOW,audio,931678322,,,,1043210,0,0.001,,,
ab-file-3L-off-h264,81.4,2026-10-06T03:08:58.791,ab-sub-lo,LOW,video,1465621011,160,90,31,1934287,0,0.001,0,0,
ab-file-3L-off-h264,83.4,2026-10-06T03:09:00.821,ab-sub-hi,HIGH,audio,3019973571,,,,1078810,0,0.001,,,
ab-file-3L-off-h264,83.4,2026-10-06T03:09:00.821,ab-sub-hi,HIGH,video,964564850,480,270,14,10616737,0,0.003,1,0.804,
ab-file-3L-off-h264,83.4,2026-10-06T03:09:00.821,ab-sub-lo,LOW,audio,931678322,,,,1068519,0,0.001,,,
ab-file-3L-off-h264,83.4,2026-10-06T03:09:00.821,ab-sub-lo,LOW,video,1465621011,240,134,16,1969822,0,0.003,0,0,
ab-file-3L-off-h264,85.4,2026-10-06T03:09:02.851,ab-sub-hi,HIGH,audio,3019973571,,,,1103832,0,0.002,,,
ab-file-3L-off-h264,85.4,2026-10-06T03:09:02.851,ab-sub-hi,HIGH,video,964564850,480,270,20,10705259,0,0.006,1,0.804,
ab-file-3L-off-h264,85.4,2026-10-06T03:09:02.851,ab-sub-lo,LOW,audio,931678322,,,,1093260,0,0.002,,,
ab-file-3L-off-h264,85.4,2026-10-06T03:09:02.851,ab-sub-lo,LOW,video,1465621011,240,134,20,2006726,0,0.005,0,0,
ab-file-3L-off-h264,87.5,2026-10-06T03:09:04.895,ab-sub-hi,HIGH,audio,3019973571,,,,1127672,0,0.001,,,
ab-file-3L-off-h264,87.5,2026-10-06T03:09:04.895,ab-sub-hi,HIGH,video,964564850,480,270,19,10791997,0,0.002,1,0.804,
ab-file-3L-off-h264,87.5,2026-10-06T03:09:04.895,ab-sub-lo,LOW,audio,931678322,,,,1117100,0,0.001,,,
ab-file-3L-off-h264,87.5,2026-10-06T03:09:04.895,ab-sub-lo,LOW,video,1465621011,240,134,19,2040482,0,0.001,0,0,
ab-file-3L-off-h264,89.5,2026-10-06T03:09:06.924,ab-sub-hi,HIGH,audio,3019973571,,,,1141465,0,0.001,,,
ab-file-3L-off-h264,89.5,2026-10-06T03:09:06.924,ab-sub-hi,HIGH,video,964564850,480,270,19,10875297,0,0.003,1,0.804,
ab-file-3L-off-h264,89.5,2026-10-06T03:09:06.924,ab-sub-lo,LOW,audio,931678322,,,,1131167,0,0.001,,,
ab-file-3L-off-h264,89.5,2026-10-06T03:09:06.924,ab-sub-lo,LOW,video,1465621011,240,134,19,2065578,0,0.004,0,0,
ab-file-3L-off-h264,91.5,2026-10-06T03:09:08.950,ab-sub-hi,HIGH,audio,3019973571,,,,1166481,0,0.001,,,
ab-file-3L-off-h264,91.5,2026-10-06T03:09:08.950,ab-sub-hi,HIGH,video,964564850,480,270,20,10961318,0,0.006,1,0.804,
ab-file-3L-off-h264,91.5,2026-10-06T03:09:08.950,ab-sub-lo,LOW,audio,931678322,,,,1155909,0,0.001,,,
ab-file-3L-off-h264,91.5,2026-10-06T03:09:08.950,ab-sub-lo,LOW,video,1465621011,240,134,20,2092362,0,0.004,0,0,
ab-file-3L-off-h264,93.6,2026-10-06T03:09:10.995,ab-sub-hi,HIGH,audio,3019973571,,,,1180839,0,0.001,,,
ab-file-3L-off-h264,93.6,2026-10-06T03:09:10.995,ab-sub-hi,HIGH,video,964564850,960,540,20,11089957,0,0.007,1,0.804,
ab-file-3L-off-h264,93.6,2026-10-06T03:09:10.995,ab-sub-lo,LOW,audio,931678322,,,,1170267,0,0.001,,,
ab-file-3L-off-h264,93.6,2026-10-06T03:09:10.995,ab-sub-lo,LOW,video,1465621011,240,134,20,2115667,0,0.003,0,0,
ab-file-3L-off-h264,95.6,2026-10-06T03:09:13.021,ab-sub-hi,HIGH,audio,3019973571,,,,1193166,0,0.002,,,
ab-file-3L-off-h264,95.6,2026-10-06T03:09:13.021,ab-sub-hi,HIGH,video,964564850,960,540,28,11484019,0,0.011,1,0.804,
ab-file-3L-off-h264,95.6,2026-10-06T03:09:13.021,ab-sub-lo,LOW,audio,931678322,,,,1182594,0,0.002,,,
ab-file-3L-off-h264,95.6,2026-10-06T03:09:13.021,ab-sub-lo,LOW,video,1465621011,240,134,20,2151865,0,0.005,0,0,
ab-file-3L-off-h264,97.6,2026-10-06T03:09:15.054,ab-sub-hi,HIGH,audio,3019973571,,,,1207040,0,0.002,,,
ab-file-3L-off-h264,97.6,2026-10-06T03:09:15.054,ab-sub-hi,HIGH,video,964564850,960,540,30,11909882,0,0.012,1,0.804,
ab-file-3L-off-h264,97.6,2026-10-06T03:09:15.054,ab-sub-lo,LOW,audio,931678322,,,,1196702,0,0.003,,,
ab-file-3L-off-h264,97.6,2026-10-06T03:09:15.054,ab-sub-lo,LOW,video,1465621011,240,134,20,2191354,0,0.005,0,0,
ab-file-3L-off-h264,99.7,2026-10-06T03:09:17.111,ab-sub-hi,HIGH,audio,3019973571,,,,1231459,0,0.001,,,
ab-file-3L-off-h264,99.7,2026-10-06T03:09:17.111,ab-sub-hi,HIGH,video,964564850,960,540,31,12325484,0,0.012,1,0.804,
ab-file-3L-off-h264,99.7,2026-10-06T03:09:17.111,ab-sub-lo,LOW,audio,931678322,,,,1220887,0,0.001,,,
ab-file-3L-off-h264,99.7,2026-10-06T03:09:17.111,ab-sub-lo,LOW,video,1465621011,240,134,20,2226904,0,0.003,0,0,
ab-file-3L-off-h264,101.7,2026-10-06T03:09:19.139,ab-sub-hi,HIGH,audio,3019973571,,,,1256692,0,0.001,,,
ab-file-3L-off-h264,101.7,2026-10-06T03:09:19.139,ab-sub-hi,HIGH,video,964564850,960,540,29,12744421,0,0.01,1,0.804,
ab-file-3L-off-h264,101.7,2026-10-06T03:09:19.139,ab-sub-lo,LOW,audio,931678322,,,,1246120,0,0.001,,,
ab-file-3L-off-h264,101.7,2026-10-06T03:09:19.139,ab-sub-lo,LOW,video,1465621011,240,134,20,2263674,0,0.006,0,0,
ab-file-3L-off-h264,103.7,2026-10-06T03:09:21.162,ab-sub-hi,HIGH,audio,3019973571,,,,1281586,0,0.001,,,
ab-file-3L-off-h264,103.7,2026-10-06T03:09:21.162,ab-sub-hi,HIGH,video,964564850,960,540,29,13180799,0,0.011,1,0.804,
ab-file-3L-off-h264,103.7,2026-10-06T03:09:21.162,ab-sub-lo,LOW,audio,931678322,,,,1271014,0,0.001,,,
ab-file-3L-off-h264,103.7,2026-10-06T03:09:21.162,ab-sub-lo,LOW,video,1465621011,240,134,20,2301558,0,0.002,0,0,
ab-file-3L-off-h264,105.8,2026-10-06T03:09:23.190,ab-sub-hi,HIGH,audio,3019973571,,,,1306524,0,0.002,,,
ab-file-3L-off-h264,105.8,2026-10-06T03:09:23.190,ab-sub-hi,HIGH,video,964564850,960,540,28,13596856,0,0.012,1,0.804,
ab-file-3L-off-h264,105.8,2026-10-06T03:09:23.190,ab-sub-lo,LOW,audio,931678322,,,,1295952,0,0.002,,,
ab-file-3L-off-h264,105.8,2026-10-06T03:09:23.190,ab-sub-lo,LOW,video,1465621011,240,134,20,2339988,0,0.004,0,0,
ab-file-3L-off-h264,107.8,2026-10-06T03:09:25.217,ab-sub-hi,HIGH,audio,3019973571,,,,1328231,0,0.001,,,
ab-file-3L-off-h264,107.8,2026-10-06T03:09:25.217,ab-sub-hi,HIGH,video,964564850,960,540,29,14001348,0,0.01,1,0.804,
ab-file-3L-off-h264,107.8,2026-10-06T03:09:25.217,ab-sub-lo,LOW,audio,931678322,,,,1317659,0,0.001,,,
ab-file-3L-off-h264,107.8,2026-10-06T03:09:25.217,ab-sub-lo,LOW,video,1465621011,240,134,20,2377805,0,0.005,0,0,
ab-file-3L-off-h264,109.8,2026-10-06T03:09:27.249,ab-sub-hi,HIGH,audio,3019973571,,,,1343904,0,0.002,,,
ab-file-3L-off-h264,109.8,2026-10-06T03:09:27.249,ab-sub-hi,HIGH,video,964564850,960,540,30,14445899,0,0.013,1,0.804,
ab-file-3L-off-h264,109.8,2026-10-06T03:09:27.249,ab-sub-lo,LOW,audio,931678322,,,,1333569,0,0.002,,,
ab-file-3L-off-h264,109.8,2026-10-06T03:09:27.249,ab-sub-lo,LOW,video,1465621011,240,134,20,2415149,0,0.003,0,0,
ab-file-3L-off-h264,111.8,2026-10-06T03:09:29.277,ab-sub-hi,HIGH,audio,3019973571,,,,1369052,0,0.001,,,
ab-file-3L-off-h264,111.8,2026-10-06T03:09:29.277,ab-sub-hi,HIGH,video,964564850,960,540,29,14820349,0,0.013,1,0.804,
ab-file-3L-off-h264,111.8,2026-10-06T03:09:29.277,ab-sub-lo,LOW,audio,931678322,,,,1358727,0,0.001,,,
ab-file-3L-off-h264,111.8,2026-10-06T03:09:29.277,ab-sub-lo,LOW,video,1465621011,240,134,20,2453170,0,0.007,0,0,
ab-file-3L-off-h264,113.9,2026-10-06T03:09:31.326,ab-sub-hi,HIGH,audio,3019973571,,,,1381563,0,0.002,,,
ab-file-3L-off-h264,113.9,2026-10-06T03:09:31.326,ab-sub-hi,HIGH,video,964564850,320,180,14,14981004,0,0.006,2,1.769,
ab-file-3L-off-h264,113.9,2026-10-06T03:09:31.326,ab-sub-lo,LOW,audio,931678322,,,,1370991,0,0.002,,,
ab-file-3L-off-h264,113.9,2026-10-06T03:09:31.326,ab-sub-lo,LOW,video,1465621011,160,90,29,2488860,0,0.003,0,0,
ab-file-3L-off-h264,115.9,2026-10-06T03:09:33.351,ab-sub-hi,HIGH,audio,3019973571,,,,1392831,0,0.004,,,
ab-file-3L-off-h264,115.9,2026-10-06T03:09:33.351,ab-sub-hi,HIGH,video,964564850,320,180,30,15095682,0,0.003,2,1.769,
ab-file-3L-off-h264,115.9,2026-10-06T03:09:33.351,ab-sub-lo,LOW,audio,931678322,,,,1382259,0,0.004,,,
ab-file-3L-off-h264,115.9,2026-10-06T03:09:33.351,ab-sub-lo,LOW,video,1465621011,160,90,30,2526652,0,0.003,0,0,
ab-file-3L-off-h264,117.9,2026-10-06T03:09:35.374,ab-sub-hi,HIGH,audio,3019973571,,,,1409428,0,0.001,,,
ab-file-3L-off-h264,117.9,2026-10-06T03:09:35.374,ab-sub-hi,HIGH,video,964564850,320,180,29,15206648,0,0.001,2,1.769,
ab-file-3L-off-h264,117.9,2026-10-06T03:09:35.374,ab-sub-lo,LOW,audio,931678322,,,,1398856,0,0.001,,,
ab-file-3L-off-h264,117.9,2026-10-06T03:09:35.374,ab-sub-lo,LOW,video,1465621011,160,90,30,2562825,0,0.001,0,0,
ab-file-3L-off-h264,120,2026-10-06T03:09:37.403,ab-sub-hi,HIGH,audio,3019973571,,,,1433499,0,0.001,,,
ab-file-3L-off-h264,120,2026-10-06T03:09:37.403,ab-sub-hi,HIGH,video,964564850,320,180,30,15321479,0,0.001,2,1.769,
ab-file-3L-off-h264,120,2026-10-06T03:09:37.403,ab-sub-lo,LOW,audio,931678322,,,,1422927,0,0.001,,,
ab-file-3L-off-h264,120,2026-10-06T03:09:37.403,ab-sub-lo,LOW,video,1465621011,160,90,30,2598475,0,0.001,0,0,
ab-file-3L-off-h264,122,2026-10-06T03:09:39.421,ab-sub-hi,HIGH,audio,3019973571,,,,1458695,0,0.001,,,
ab-file-3L-off-h264,122,2026-10-06T03:09:39.421,ab-sub-hi,HIGH,video,964564850,320,180,30,15429023,0,0.001,2,1.769,
ab-file-3L-off-h264,122,2026-10-06T03:09:39.421,ab-sub-lo,LOW,audio,931678322,,,,1448123,0,0.001,,,
ab-file-3L-off-h264,122,2026-10-06T03:09:39.421,ab-sub-lo,LOW,video,1465621011,160,90,29,2634857,0,0.001,0,0,
ab-file-3L-on-h264,2.3,2026-10-06T03:10:22.517,ab-sub-hi,HIGH,audio,153649588,,,,259445,0,0.003,,,
ab-file-3L-on-h264,2.3,2026-10-06T03:10:22.517,ab-sub-hi,HIGH,video,1197578870,1280,720,19,3934677,0,0.013,0,0,
ab-file-3L-on-h264,2.3,2026-10-06T03:10:22.517,ab-sub-lo,LOW,audio,2954531467,,,,259215,0,0.003,,,
ab-file-3L-on-h264,2.3,2026-10-06T03:10:22.517,ab-sub-lo,LOW,video,1794878958,320,180,19,554006,0,0.014,0,0,
ab-file-3L-on-h264,4.4,2026-10-06T03:10:24.566,ab-sub-hi,HIGH,audio,153649588,,,,284577,0,0.003,,,
ab-file-3L-on-h264,4.4,2026-10-06T03:10:24.566,ab-sub-hi,HIGH,video,1197578870,1280,720,17,4204446,0,0.009,0,0,
ab-file-3L-on-h264,4.4,2026-10-06T03:10:24.566,ab-sub-lo,LOW,audio,2954531467,,,,284610,0,0.003,,,
ab-file-3L-on-h264,4.4,2026-10-06T03:10:24.566,ab-sub-lo,LOW,video,1794878958,320,180,16,588625,0,0.011,0,0,
ab-file-3L-on-h264,6.4,2026-10-06T03:10:26.622,ab-sub-hi,HIGH,audio,153649588,,,,309744,0,0.002,,,
ab-file-3L-on-h264,6.4,2026-10-06T03:10:26.622,ab-sub-hi,HIGH,video,1197578870,1280,720,21,4504846,0,0.014,0,0,
ab-file-3L-on-h264,6.4,2026-10-06T03:10:26.622,ab-sub-lo,LOW,audio,2954531467,,,,309514,0,0.002,,,
ab-file-3L-on-h264,6.4,2026-10-06T03:10:26.622,ab-sub-lo,LOW,video,1794878958,320,180,20,626338,0,0.013,0,0,
ab-file-3L-on-h264,8.4,2026-10-06T03:10:28.656,ab-sub-hi,HIGH,audio,153649588,,,,331474,0,0.005,,,
ab-file-3L-on-h264,8.4,2026-10-06T03:10:28.656,ab-sub-hi,HIGH,video,1197578870,1280,720,17,4761241,0,0.012,0,0,
ab-file-3L-on-h264,8.4,2026-10-06T03:10:28.656,ab-sub-lo,LOW,audio,2954531467,,,,331244,0,0.006,,,
ab-file-3L-on-h264,8.4,2026-10-06T03:10:28.656,ab-sub-lo,LOW,video,1794878958,320,180,16,658760,0,0.013,0,0,
ab-file-3L-on-h264,10.5,2026-10-06T03:10:30.689,ab-sub-hi,HIGH,audio,153649588,,,,347384,0,0.002,,,
ab-file-3L-on-h264,10.5,2026-10-06T03:10:30.689,ab-sub-hi,HIGH,video,1197578870,960,540,22,5069198,0,0.014,0,0,
ab-file-3L-on-h264,10.5,2026-10-06T03:10:30.689,ab-sub-lo,LOW,audio,2954531467,,,,347154,0,0.002,,,
ab-file-3L-on-h264,10.5,2026-10-06T03:10:30.689,ab-sub-lo,LOW,video,1794878958,240,134,20,696987,0,0.014,0,0,
ab-file-3L-on-h264,12.5,2026-10-06T03:10:32.726,ab-sub-hi,HIGH,audio,153649588,,,,372295,0,0.002,,,
ab-file-3L-on-h264,12.5,2026-10-06T03:10:32.726,ab-sub-hi,HIGH,video,1197578870,960,540,25,5427669,0,0.013,0,0,
ab-file-3L-on-h264,12.5,2026-10-06T03:10:32.726,ab-sub-lo,LOW,audio,2954531467,,,,372312,0,0.002,,,
ab-file-3L-on-h264,12.5,2026-10-06T03:10:32.726,ab-sub-lo,LOW,video,1794878958,240,134,20,732193,0,0.007,0,0,
ab-file-3L-on-h264,14.6,2026-10-06T03:10:34.764,ab-sub-hi,HIGH,audio,153649588,,,,384806,0,0.003,,,
ab-file-3L-on-h264,14.6,2026-10-06T03:10:34.764,ab-sub-hi,HIGH,video,1197578870,960,540,22,5791193,0,0.017,0,0,
ab-file-3L-on-h264,14.6,2026-10-06T03:10:34.764,ab-sub-lo,LOW,audio,2954531467,,,,384576,0,0.003,,,
ab-file-3L-on-h264,14.6,2026-10-06T03:10:34.764,ab-sub-lo,LOW,video,1794878958,240,134,18,768099,0,0.009,0,0,
ab-file-3L-on-h264,16.6,2026-10-06T03:10:36.811,ab-sub-hi,HIGH,audio,153649588,,,,396074,0,0.002,,,
ab-file-3L-on-h264,16.6,2026-10-06T03:10:36.811,ab-sub-hi,HIGH,video,1197578870,960,540,28,6189228,0,0.012,0,0,
ab-file-3L-on-h264,16.6,2026-10-06T03:10:36.811,ab-sub-lo,LOW,audio,2954531467,,,,395844,0,0.002,,,
ab-file-3L-on-h264,16.6,2026-10-06T03:10:36.811,ab-sub-lo,LOW,video,1794878958,240,134,20,806565,0,0.005,0,0,
ab-file-3L-on-h264,18.6,2026-10-06T03:10:38.843,ab-sub-hi,HIGH,audio,153649588,,,,412923,0,0.001,,,
ab-file-3L-on-h264,18.6,2026-10-06T03:10:38.843,ab-sub-hi,HIGH,video,1197578870,960,540,29,6581281,0,0.009,0,0,
ab-file-3L-on-h264,18.6,2026-10-06T03:10:38.843,ab-sub-lo,LOW,audio,2954531467,,,,412939,0,0.002,,,
ab-file-3L-on-h264,18.6,2026-10-06T03:10:38.843,ab-sub-lo,LOW,video,1794878958,240,134,19,843565,0,0.007,0,0,
ab-file-3L-on-h264,20.7,2026-10-06T03:10:40.872,ab-sub-hi,HIGH,audio,153649588,,,,436980,0,0.003,,,
ab-file-3L-on-h264,20.7,2026-10-06T03:10:40.872,ab-sub-hi,HIGH,video,1197578870,960,540,28,6977953,0,0.013,0,0,
ab-file-3L-on-h264,20.7,2026-10-06T03:10:40.872,ab-sub-lo,LOW,audio,2954531467,,,,437002,0,0.004,,,
ab-file-3L-on-h264,20.7,2026-10-06T03:10:40.872,ab-sub-lo,LOW,video,1794878958,240,134,20,881406,0,0.006,0,0,
ab-file-3L-on-h264,22.8,2026-10-06T03:10:42.968,ab-sub-hi,HIGH,audio,153649588,,,,463428,0,0.003,,,
ab-file-3L-on-h264,22.8,2026-10-06T03:10:42.968,ab-sub-hi,HIGH,video,1197578870,960,540,25,7323670,0,0.012,0,0,
ab-file-3L-on-h264,22.8,2026-10-06T03:10:42.968,ab-sub-lo,LOW,audio,2954531467,,,,463198,0,0.003,,,
ab-file-3L-on-h264,22.8,2026-10-06T03:10:42.968,ab-sub-lo,LOW,video,1794878958,240,134,19,918526,0,0.014,0,0,
ab-file-3L-on-h264,24.8,2026-10-06T03:10:45.003,ab-sub-hi,HIGH,audio,153649588,,,,488424,0,0.005,,,
ab-file-3L-on-h264,24.8,2026-10-06T03:10:45.003,ab-sub-hi,HIGH,video,1197578870,960,540,21,7650855,0,0.013,0,0,
ab-file-3L-on-h264,24.8,2026-10-06T03:10:45.003,ab-sub-lo,LOW,audio,2954531467,,,,488430,0,0.004,,,
ab-file-3L-on-h264,24.8,2026-10-06T03:10:45.003,ab-sub-lo,LOW,video,1794878958,240,134,19,955853,0,0.013,0,0,
ab-file-3L-on-h264,26.8,2026-10-06T03:10:47.056,ab-sub-hi,HIGH,audio,153649588,,,,513145,0,0.001,,,
ab-file-3L-on-h264,26.8,2026-10-06T03:10:47.056,ab-sub-hi,HIGH,video,1197578870,960,540,28,8028635,0,0.013,0,0,
ab-file-3L-on-h264,26.8,2026-10-06T03:10:47.056,ab-sub-lo,LOW,audio,2954531467,,,,512915,0,0.001,,,
ab-file-3L-on-h264,26.8,2026-10-06T03:10:47.056,ab-sub-lo,LOW,video,1794878958,240,134,20,988242,0,0.006,0,0,
ab-file-3L-on-h264,28.9,2026-10-06T03:10:49.086,ab-sub-hi,HIGH,audio,153649588,,,,531123,0,0.003,,,
ab-file-3L-on-h264,28.9,2026-10-06T03:10:49.086,ab-sub-hi,HIGH,video,1197578870,960,540,29,8407607,0,0.011,0,0,
ab-file-3L-on-h264,28.9,2026-10-06T03:10:49.086,ab-sub-lo,LOW,audio,2954531467,,,,530893,0,0.003,,,
ab-file-3L-on-h264,28.9,2026-10-06T03:10:49.086,ab-sub-lo,LOW,video,1794878958,240,134,19,1007407,0,0.008,0,0,
ab-file-3L-on-h264,30.9,2026-10-06T03:10:51.148,ab-sub-hi,HIGH,audio,153649588,,,,551620,0,0.001,,,
ab-file-3L-on-h264,30.9,2026-10-06T03:10:51.148,ab-sub-hi,HIGH,video,1197578870,960,540,27,8811587,0,0.011,0,0,
ab-file-3L-on-h264,30.9,2026-10-06T03:10:51.148,ab-sub-lo,LOW,audio,2954531467,,,,551390,0,0.001,,,
ab-file-3L-on-h264,30.9,2026-10-06T03:10:51.148,ab-sub-lo,LOW,video,1794878958,240,134,21,1020858,0,0.007,0,0,
ab-file-3L-on-h264,33,2026-10-06T03:10:53.206,ab-sub-hi,HIGH,audio,153649588,,,,576641,0,0.002,,,
ab-file-3L-on-h264,33,2026-10-06T03:10:53.206,ab-sub-hi,HIGH,video,1197578870,960,540,27,9151585,0,0.011,0,0,
ab-file-3L-on-h264,33,2026-10-06T03:10:53.206,ab-sub-lo,LOW,audio,2954531467,,,,575954,0,0.002,,,
ab-file-3L-on-h264,33,2026-10-06T03:10:53.206,ab-sub-lo,LOW,video,1794878958,240,134,21,1037228,0,0.009,0,0,
ab-file-3L-on-h264,35,2026-10-06T03:10:55.249,ab-sub-hi,HIGH,audio,153649588,,,,587200,0,0.008,,,
ab-file-3L-on-h264,35,2026-10-06T03:10:55.249,ab-sub-hi,HIGH,video,1197578870,960,540,23,9517610,0,0.02,0,0,
ab-file-3L-on-h264,35,2026-10-06T03:10:55.249,ab-sub-lo,LOW,audio,2954531467,,,,586970,0,0.008,,,
ab-file-3L-on-h264,35,2026-10-06T03:10:55.249,ab-sub-lo,LOW,video,1794878958,240,134,19,1059491,0,0.011,0,0,
ab-file-3L-on-h264,37.1,2026-10-06T03:10:57.322,ab-sub-hi,HIGH,audio,153649588,,,,595721,0,0.002,,,
ab-file-3L-on-h264,37.1,2026-10-06T03:10:57.322,ab-sub-hi,HIGH,video,1197578870,320,180,24,9601149,0,0.005,1,0.937,
ab-file-3L-on-h264,37.1,2026-10-06T03:10:57.322,ab-sub-lo,LOW,audio,2954531467,,,,595491,0,0.002,,,
ab-file-3L-on-h264,37.1,2026-10-06T03:10:57.322,ab-sub-lo,LOW,video,1794878958,160,90,28,1094672,0,0.002,0,0,
ab-file-3L-on-h264,39.1,2026-10-06T03:10:59.343,ab-sub-hi,HIGH,audio,153649588,,,,617393,0,0.002,,,
ab-file-3L-on-h264,39.1,2026-10-06T03:10:59.343,ab-sub-hi,HIGH,video,1197578870,320,180,30,9707085,0,0.001,1,0.937,
ab-file-3L-on-h264,39.1,2026-10-06T03:10:59.343,ab-sub-lo,LOW,audio,2954531467,,,,617163,0,0.002,,,
ab-file-3L-on-h264,39.1,2026-10-06T03:10:59.343,ab-sub-lo,LOW,video,1794878958,160,90,30,1122338,0,0.001,0,0,
ab-file-3L-on-h264,41.2,2026-10-06T03:11:01.376,ab-sub-hi,HIGH,audio,153649588,,,,641940,0,0.002,,,
ab-file-3L-on-h264,41.2,2026-10-06T03:11:01.376,ab-sub-hi,HIGH,video,1197578870,320,180,30,9818800,0,0.001,1,0.937,
ab-file-3L-on-h264,41.2,2026-10-06T03:11:01.376,ab-sub-lo,LOW,audio,2954531467,,,,641710,0,0.002,,,
ab-file-3L-on-h264,41.2,2026-10-06T03:11:01.376,ab-sub-lo,LOW,video,1794878958,160,90,30,1149365,0,0.001,0,0,
ab-file-3L-on-h264,43.2,2026-10-06T03:11:03.394,ab-sub-hi,HIGH,audio,153649588,,,,667079,0,0.002,,,
ab-file-3L-on-h264,43.2,2026-10-06T03:11:03.394,ab-sub-hi,HIGH,video,1197578870,320,180,30,9927305,0,0.001,1,0.937,
ab-file-3L-on-h264,43.2,2026-10-06T03:11:03.394,ab-sub-lo,LOW,audio,2954531467,,,,666849,0,0.002,,,
ab-file-3L-on-h264,43.2,2026-10-06T03:11:03.394,ab-sub-lo,LOW,video,1794878958,160,90,30,1180675,0,0.001,0,0,
ab-file-3L-on-h264,45.2,2026-10-06T03:11:05.413,ab-sub-hi,HIGH,audio,153649588,,,,691990,0,0.002,,,
ab-file-3L-on-h264,45.2,2026-10-06T03:11:05.413,ab-sub-hi,HIGH,video,1197578870,320,180,30,10043339,0,0.002,1,0.937,
ab-file-3L-on-h264,45.2,2026-10-06T03:11:05.413,ab-sub-lo,LOW,audio,2954531467,,,,691760,0,0.002,,,
ab-file-3L-on-h264,45.2,2026-10-06T03:11:05.413,ab-sub-lo,LOW,video,1794878958,160,90,30,1216912,0,0.002,0,0,
ab-file-3L-on-h264,47.3,2026-10-06T03:11:07.459,ab-sub-hi,HIGH,audio,153649588,,,,716327,0,0.001,,,
ab-file-3L-on-h264,47.3,2026-10-06T03:11:07.459,ab-sub-hi,HIGH,video,1197578870,320,180,30,10161423,0,0.002,1,0.937,
ab-file-3L-on-h264,47.3,2026-10-06T03:11:07.459,ab-sub-lo,LOW,audio,2954531467,,,,716097,0,0.001,,,
ab-file-3L-on-h264,47.3,2026-10-06T03:11:07.459,ab-sub-lo,LOW,video,1794878958,160,90,29,1255887,0,0.002,0,0,
ab-file-3L-on-h264,49.3,2026-10-06T03:11:09.481,ab-sub-hi,HIGH,audio,153649588,,,,730664,0,0.002,,,
ab-file-3L-on-h264,49.3,2026-10-06T03:11:09.481,ab-sub-hi,HIGH,video,1197578870,320,180,30,10275488,0,0.002,1,0.937,
ab-file-3L-on-h264,49.3,2026-10-06T03:11:09.481,ab-sub-lo,LOW,audio,2954531467,,,,730539,0,0.002,,,
ab-file-3L-on-h264,49.3,2026-10-06T03:11:09.481,ab-sub-lo,LOW,video,1794878958,160,90,30,1292471,0,0.002,0,0,
ab-file-3L-on-h264,51.3,2026-10-06T03:11:11.507,ab-sub-hi,HIGH,audio,153649588,,,,754231,0,0.002,,,
ab-file-3L-on-h264,51.3,2026-10-06T03:11:11.507,ab-sub-hi,HIGH,video,1197578870,320,180,29,10382241,0,0.002,1,0.937,
ab-file-3L-on-h264,51.3,2026-10-06T03:11:11.507,ab-sub-lo,LOW,audio,2954531467,,,,754001,0,0.002,,,
ab-file-3L-on-h264,51.3,2026-10-06T03:11:11.507,ab-sub-lo,LOW,video,1794878958,160,90,30,1319817,0,0.002,0,0,
ab-file-3L-on-h264,53.3,2026-10-06T03:11:13.534,ab-sub-hi,HIGH,audio,153649588,,,,778950,0,0.002,,,
ab-file-3L-on-h264,53.3,2026-10-06T03:11:13.534,ab-sub-hi,HIGH,video,1197578870,320,180,30,10493048,0,0.002,1,0.937,
ab-file-3L-on-h264,53.3,2026-10-06T03:11:13.534,ab-sub-lo,LOW,audio,2954531467,,,,778720,0,0.002,,,
ab-file-3L-on-h264,53.3,2026-10-06T03:11:13.534,ab-sub-lo,LOW,video,1794878958,160,90,30,1354722,0,0.002,0,0,
ab-file-3L-on-h264,55.4,2026-10-06T03:11:15.566,ab-sub-hi,HIGH,audio,153649588,,,,786741,0,0.002,,,
ab-file-3L-on-h264,55.4,2026-10-06T03:11:15.566,ab-sub-hi,HIGH,video,1197578870,320,180,30,10606140,0,0.001,1,0.937,
ab-file-3L-on-h264,55.4,2026-10-06T03:11:15.566,ab-sub-lo,LOW,audio,2954531467,,,,786511,0,0.002,,,
ab-file-3L-on-h264,55.4,2026-10-06T03:11:15.566,ab-sub-lo,LOW,video,1794878958,160,90,30,1391911,0,0.001,0,0,
ab-file-3L-on-h264,57.4,2026-10-06T03:11:17.600,ab-sub-hi,HIGH,audio,153649588,,,,795262,0,0.002,,,
ab-file-3L-on-h264,57.4,2026-10-06T03:11:17.600,ab-sub-hi,HIGH,video,1197578870,320,180,30,10717647,0,0.002,1,0.937,
ab-file-3L-on-h264,57.4,2026-10-06T03:11:17.600,ab-sub-lo,LOW,audio,2954531467,,,,795032,0,0.002,,,
ab-file-3L-on-h264,57.4,2026-10-06T03:11:17.600,ab-sub-lo,LOW,video,1794878958,160,90,29,1429160,0,0.002,0,0,
ab-file-3L-on-h264,59.4,2026-10-06T03:11:19.630,ab-sub-hi,HIGH,audio,153649588,,,,819600,0,0.002,,,
ab-file-3L-on-h264,59.4,2026-10-06T03:11:19.630,ab-sub-hi,HIGH,video,1197578870,320,180,30,10829710,0,0.002,1,0.937,
ab-file-3L-on-h264,59.4,2026-10-06T03:11:19.630,ab-sub-lo,LOW,audio,2954531467,,,,819370,0,0.002,,,
ab-file-3L-on-h264,59.4,2026-10-06T03:11:19.630,ab-sub-lo,LOW,video,1794878958,160,90,29,1465585,0,0.002,0,0,
ab-file-3L-on-h264,61.5,2026-10-06T03:11:21.662,ab-sub-hi,HIGH,audio,153649588,,,,844133,0,0.002,,,
ab-file-3L-on-h264,61.5,2026-10-06T03:11:21.662,ab-sub-hi,HIGH,video,1197578870,320,180,29,10939652,0,0.002,1,0.937,
ab-file-3L-on-h264,61.5,2026-10-06T03:11:21.662,ab-sub-lo,LOW,audio,2954531467,,,,844146,0,0.002,,,
ab-file-3L-on-h264,61.5,2026-10-06T03:11:21.662,ab-sub-lo,LOW,video,1794878958,160,90,30,1500977,0,0.002,0,0,
ab-file-3L-on-h264,63.5,2026-10-06T03:11:23.691,ab-sub-hi,HIGH,audio,153649588,,,,869296,0,0.001,,,
ab-file-3L-on-h264,63.5,2026-10-06T03:11:23.691,ab-sub-hi,HIGH,video,1197578870,320,180,30,11054852,0,0.002,1,0.937,
ab-file-3L-on-h264,63.5,2026-10-06T03:11:23.691,ab-sub-lo,LOW,audio,2954531467,,,,869066,0,0.001,,,
ab-file-3L-on-h264,63.5,2026-10-06T03:11:23.691,ab-sub-lo,LOW,video,1794878958,160,90,28,1539379,0,0.002,0,0,
ab-file-3L-on-h264,65.5,2026-10-06T03:11:25.720,ab-sub-hi,HIGH,audio,153649588,,,,894215,0,0.002,,,
ab-file-3L-on-h264,65.5,2026-10-06T03:11:25.720,ab-sub-hi,HIGH,video,1197578870,320,180,31,11166966,0,0.002,1,0.937,
ab-file-3L-on-h264,65.5,2026-10-06T03:11:25.720,ab-sub-lo,LOW,audio,2954531467,,,,894228,0,0.002,,,
ab-file-3L-on-h264,65.5,2026-10-06T03:11:25.720,ab-sub-lo,LOW,video,1794878958,160,90,30,1576519,0,0.002,0,0,
ab-file-3L-on-h264,67.5,2026-10-06T03:11:27.749,ab-sub-hi,HIGH,audio,153649588,,,,918612,0,0.008,,,
ab-file-3L-on-h264,67.5,2026-10-06T03:11:27.749,ab-sub-hi,HIGH,video,1197578870,320,180,31,11281079,0,0.007,1,0.937,
ab-file-3L-on-h264,67.5,2026-10-06T03:11:27.749,ab-sub-lo,LOW,audio,2954531467,,,,918382,0,0.008,,,
ab-file-3L-on-h264,67.5,2026-10-06T03:11:27.749,ab-sub-lo,LOW,video,1794878958,160,90,30,1613929,0,0.007,0,0,
ab-file-3L-on-h264,69.6,2026-10-06T03:11:29.790,ab-sub-hi,HIGH,audio,153649588,,,,932202,0,0.002,,,
ab-file-3L-on-h264,69.6,2026-10-06T03:11:29.790,ab-sub-hi,HIGH,video,1197578870,320,180,30,11392265,0,0.002,1,0.937,
ab-file-3L-on-h264,69.6,2026-10-06T03:11:29.790,ab-sub-lo,LOW,audio,2954531467,,,,931972,0,0.002,,,
ab-file-3L-on-h264,69.6,2026-10-06T03:11:29.790,ab-sub-lo,LOW,video,1794878958,160,90,29,1651400,0,0.001,0,0,
ab-file-3L-on-h264,71.6,2026-10-06T03:11:31.822,ab-sub-hi,HIGH,audio,153649588,,,,956655,0,0.002,,,
ab-file-3L-on-h264,71.6,2026-10-06T03:11:31.822,ab-sub-hi,HIGH,video,1197578870,320,180,29,11504333,0,0.002,1,0.937,
ab-file-3L-on-h264,71.6,2026-10-06T03:11:31.822,ab-sub-lo,LOW,audio,2954531467,,,,956425,0,0.002,,,
ab-file-3L-on-h264,71.6,2026-10-06T03:11:31.822,ab-sub-lo,LOW,video,1794878958,160,90,29,1685449,0,0.003,0,0,
ab-file-3L-on-h264,73.6,2026-10-06T03:11:33.858,ab-sub-hi,HIGH,audio,153649588,,,,980636,0,0.002,,,
ab-file-3L-on-h264,73.6,2026-10-06T03:11:33.858,ab-sub-hi,HIGH,video,1197578870,320,180,30,11614948,0,0.002,1,0.937,
ab-file-3L-on-h264,73.6,2026-10-06T03:11:33.858,ab-sub-lo,LOW,audio,2954531467,,,,980406,0,0.002,,,
ab-file-3L-on-h264,73.6,2026-10-06T03:11:33.858,ab-sub-lo,LOW,video,1794878958,160,90,31,1722133,0,0.002,0,0,
ab-file-3L-on-h264,75.7,2026-10-06T03:11:35.905,ab-sub-hi,HIGH,audio,153649588,,,,987976,0,0.001,,,
ab-file-3L-on-h264,75.7,2026-10-06T03:11:35.905,ab-sub-hi,HIGH,video,1197578870,320,180,30,11728708,0,0.001,1,0.937,
ab-file-3L-on-h264,75.7,2026-10-06T03:11:35.905,ab-sub-lo,LOW,audio,2954531467,,,,987974,0,0.001,,,
ab-file-3L-on-h264,75.7,2026-10-06T03:11:35.905,ab-sub-lo,LOW,video,1794878958,160,90,29,1758474,0,0.001,0,0,
ab-file-3L-on-h264,77.7,2026-10-06T03:11:37.936,ab-sub-hi,HIGH,audio,153649588,,,,997606,0,0.002,,,
ab-file-3L-on-h264,77.7,2026-10-06T03:11:37.936,ab-sub-hi,HIGH,video,1197578870,320,180,30,11837810,0,0.002,1,0.937,
ab-file-3L-on-h264,77.7,2026-10-06T03:11:37.936,ab-sub-lo,LOW,audio,2954531467,,,,997376,0,0.002,,,
ab-file-3L-on-h264,77.7,2026-10-06T03:11:37.936,ab-sub-lo,LOW,video,1794878958,160,90,29,1796342,0,0.002,0,0,
ab-file-3L-on-h264,79.8,2026-10-06T03:11:39.966,ab-sub-hi,HIGH,audio,153649588,,,,1022346,0,0.001,,,
ab-file-3L-on-h264,79.8,2026-10-06T03:11:39.966,ab-sub-hi,HIGH,video,1197578870,320,180,31,11955344,0,0.002,1,0.937,
ab-file-3L-on-h264,79.8,2026-10-06T03:11:39.966,ab-sub-lo,LOW,audio,2954531467,,,,1022116,0,0.001,,,
ab-file-3L-on-h264,79.8,2026-10-06T03:11:39.966,ab-sub-lo,LOW,video,1794878958,160,90,29,1833916,0,0.002,0,0,
ab-file-3L-on-h264,81.8,2026-10-06T03:11:41.997,ab-sub-hi,HIGH,audio,153649588,,,,1046744,0,0.002,,,
ab-file-3L-on-h264,81.8,2026-10-06T03:11:41.997,ab-sub-hi,HIGH,video,1197578870,320,180,29,12064078,0,0.001,1,0.937,
ab-file-3L-on-h264,81.8,2026-10-06T03:11:41.997,ab-sub-lo,LOW,audio,2954531467,,,,1046514,0,0.002,,,
ab-file-3L-on-h264,81.8,2026-10-06T03:11:41.997,ab-sub-lo,LOW,video,1794878958,160,90,30,1870300,0,0.002,0,0,
ab-file-3L-on-h264,83.8,2026-10-06T03:11:44.026,ab-sub-hi,HIGH,audio,153649588,,,,1072041,0,0.002,,,
ab-file-3L-on-h264,83.8,2026-10-06T03:11:44.026,ab-sub-hi,HIGH,video,1197578870,320,180,31,12177511,0,0.002,1,0.937,
ab-file-3L-on-h264,83.8,2026-10-06T03:11:44.026,ab-sub-lo,LOW,audio,2954531467,,,,1071811,0,0.002,,,
ab-file-3L-on-h264,83.8,2026-10-06T03:11:44.026,ab-sub-lo,LOW,video,1794878958,160,90,30,1905851,0,0.002,0,0,
ab-file-3L-on-h264,85.9,2026-10-06T03:11:46.071,ab-sub-hi,HIGH,audio,153649588,,,,1097140,0,0.002,,,
ab-file-3L-on-h264,85.9,2026-10-06T03:11:46.071,ab-sub-hi,HIGH,video,1197578870,320,180,31,12289838,0,0.002,1,0.937,
ab-file-3L-on-h264,85.9,2026-10-06T03:11:46.071,ab-sub-lo,LOW,audio,2954531467,,,,1097135,0,0.003,,,
ab-file-3L-on-h264,85.9,2026-10-06T03:11:46.071,ab-sub-lo,LOW,video,1794878958,160,90,30,1932070,0,0.002,0,0,
ab-file-3L-on-h264,87.9,2026-10-06T03:11:48.134,ab-sub-hi,HIGH,audio,153649588,,,,1121649,0,0.002,,,
ab-file-3L-on-h264,87.9,2026-10-06T03:11:48.134,ab-sub-hi,HIGH,video,1197578870,320,180,30,12385132,0,0.001,1,0.937,
ab-file-3L-on-h264,87.9,2026-10-06T03:11:48.134,ab-sub-lo,LOW,audio,2954531467,,,,1121925,0,0.002,,,
ab-file-3L-on-h264,87.9,2026-10-06T03:11:48.134,ab-sub-lo,LOW,video,1794878958,160,90,29,1950938,0,0.002,0,0,
ab-file-3L-on-h264,90,2026-10-06T03:11:50.192,ab-sub-hi,HIGH,audio,153649588,,,,1135598,0,0.002,,,
ab-file-3L-on-h264,90,2026-10-06T03:11:50.192,ab-sub-hi,HIGH,video,1197578870,320,180,30,12440297,0,0.002,1,0.937,
ab-file-3L-on-h264,90,2026-10-06T03:11:50.192,ab-sub-lo,LOW,audio,2954531467,,,,1135368,0,0.002,,,
ab-file-3L-on-h264,90,2026-10-06T03:11:50.192,ab-sub-lo,LOW,video,1794878958,160,90,30,1961084,0,0.002,0,0,
ab-file-3L-on-h264,92,2026-10-06T03:11:52.223,ab-sub-hi,HIGH,audio,153649588,,,,1160039,0,0.002,,,
ab-file-3L-on-h264,92,2026-10-06T03:11:52.223,ab-sub-hi,HIGH,video,1197578870,320,180,29,12494248,0,0.001,1,0.937,
ab-file-3L-on-h264,92,2026-10-06T03:11:52.223,ab-sub-lo,LOW,audio,2954531467,,,,1160072,0,0.002,,,
ab-file-3L-on-h264,92,2026-10-06T03:11:52.223,ab-sub-lo,LOW,video,1794878958,160,90,30,1972447,0,0.001,0,0,
ab-file-3L-on-h264,94,2026-10-06T03:11:54.257,ab-sub-hi,HIGH,audio,153649588,,,,1180177,0,0.002,,,
ab-file-3L-on-h264,94,2026-10-06T03:11:54.257,ab-sub-hi,HIGH,video,1197578870,320,180,30,12542310,0,0.002,1,0.937,
ab-file-3L-on-h264,94,2026-10-06T03:11:54.257,ab-sub-lo,LOW,audio,2954531467,,,,1179947,0,0.002,,,
ab-file-3L-on-h264,94,2026-10-06T03:11:54.257,ab-sub-lo,LOW,video,1794878958,160,90,30,1982940,0,0.002,0,0,
ab-file-3L-on-h264,96.1,2026-10-06T03:11:56.276,ab-sub-hi,HIGH,audio,153649588,,,,1191073,0,0.002,,,
ab-file-3L-on-h264,96.1,2026-10-06T03:11:56.276,ab-sub-hi,HIGH,video,1197578870,320,180,30,12639647,0,0.002,1,0.937,
ab-file-3L-on-h264,96.1,2026-10-06T03:11:56.276,ab-sub-lo,LOW,audio,2954531467,,,,1190843,0,0.002,,,
ab-file-3L-on-h264,96.1,2026-10-06T03:11:56.276,ab-sub-lo,LOW,video,1794878958,160,90,28,2010462,0,0.003,0,0,
ab-file-3L-on-h264,98.1,2026-10-06T03:11:58.291,ab-sub-hi,HIGH,audio,153649588,,,,1200766,0,0.003,,,
ab-file-3L-on-h264,98.1,2026-10-06T03:11:58.291,ab-sub-hi,HIGH,video,1197578870,320,180,30,12747806,0,0.003,1,0.937,
ab-file-3L-on-h264,98.1,2026-10-06T03:11:58.291,ab-sub-lo,LOW,audio,2954531467,,,,1200536,0,0.003,,,
ab-file-3L-on-h264,98.1,2026-10-06T03:11:58.291,ab-sub-lo,LOW,video,1794878958,160,90,30,2041976,0,0.003,0,0,
ab-file-3L-on-h264,100.1,2026-10-06T03:12:00.328,ab-sub-hi,HIGH,audio,153649588,,,,1225238,0,0.002,,,
ab-file-3L-on-h264,100.1,2026-10-06T03:12:00.328,ab-sub-hi,HIGH,video,1197578870,320,180,31,12861045,0,0.002,1,0.937,
ab-file-3L-on-h264,100.1,2026-10-06T03:12:00.328,ab-sub-lo,LOW,audio,2954531467,,,,1225008,0,0.002,,,
ab-file-3L-on-h264,100.1,2026-10-06T03:12:00.328,ab-sub-lo,LOW,video,1794878958,160,90,31,2071113,0,0.002,0,0,
ab-file-3L-on-h264,102.1,2026-10-06T03:12:02.357,ab-sub-hi,HIGH,audio,153649588,,,,1249743,0,0.002,,,
ab-file-3L-on-h264,102.1,2026-10-06T03:12:02.357,ab-sub-hi,HIGH,video,1197578870,320,180,29,12973420,0,0.002,1,0.937,
ab-file-3L-on-h264,102.1,2026-10-06T03:12:02.357,ab-sub-lo,LOW,audio,2954531467,,,,1249513,0,0.002,,,
ab-file-3L-on-h264,102.1,2026-10-06T03:12:02.357,ab-sub-lo,LOW,video,1794878958,160,90,30,2100908,0,0.002,0,0,
ab-file-3L-on-h264,104.2,2026-10-06T03:12:04.374,ab-sub-hi,HIGH,audio,153649588,,,,1274740,0,0.003,,,
ab-file-3L-on-h264,104.2,2026-10-06T03:12:04.374,ab-sub-hi,HIGH,video,1197578870,320,180,30,13084768,0,0.002,1,0.937,
ab-file-3L-on-h264,104.2,2026-10-06T03:12:04.374,ab-sub-lo,LOW,audio,2954531467,,,,1274510,0,0.003,,,
ab-file-3L-on-h264,104.2,2026-10-06T03:12:04.374,ab-sub-lo,LOW,video,1794878958,160,90,30,2134992,0,0.002,0,0,
ab-file-3L-on-h264,106.2,2026-10-06T03:12:06.420,ab-sub-hi,HIGH,audio,153649588,,,,1299763,0,0.002,,,
ab-file-3L-on-h264,106.2,2026-10-06T03:12:06.420,ab-sub-hi,HIGH,video,1197578870,320,180,30,13199104,0,0.001,1,0.937,
ab-file-3L-on-h264,106.2,2026-10-06T03:12:06.420,ab-sub-lo,LOW,audio,2954531467,,,,1299533,0,0.002,,,
ab-file-3L-on-h264,106.2,2026-10-06T03:12:06.420,ab-sub-lo,LOW,video,1794878958,160,90,31,2169728,0,0.002,0,0,
ab-file-3L-on-h264,108.2,2026-10-06T03:12:08.451,ab-sub-hi,HIGH,audio,153649588,,,,1324114,0,0.003,,,
ab-file-3L-on-h264,108.2,2026-10-06T03:12:08.451,ab-sub-hi,HIGH,video,1197578870,320,180,30,13309057,0,0.002,1,0.937,
ab-file-3L-on-h264,108.2,2026-10-06T03:12:08.451,ab-sub-lo,LOW,audio,2954531467,,,,1323884,0,0.003,,,
ab-file-3L-on-h264,108.2,2026-10-06T03:12:08.451,ab-sub-lo,LOW,video,1794878958,160,90,29,2206458,0,0.002,0,0,
ab-file-3L-on-h264,110.3,2026-10-06T03:12:10.474,ab-sub-hi,HIGH,audio,153649588,,,,1337688,0,0.002,,,
ab-file-3L-on-h264,110.3,2026-10-06T03:12:10.474,ab-sub-hi,HIGH,video,1197578870,320,180,30,13419009,0,0.001,1,0.937,
ab-file-3L-on-h264,110.3,2026-10-06T03:12:10.474,ab-sub-lo,LOW,audio,2954531467,,,,1337458,0,0.002,,,
ab-file-3L-on-h264,110.3,2026-10-06T03:12:10.474,ab-sub-lo,LOW,video,1794878958,160,90,31,2236632,0,0.001,0,0,
ab-file-3L-on-h264,112.3,2026-10-06T03:12:12.493,ab-sub-hi,HIGH,audio,153649588,,,,1362012,0,0.002,,,
ab-file-3L-on-h264,112.3,2026-10-06T03:12:12.493,ab-sub-hi,HIGH,video,1197578870,320,180,30,13530390,0,0.001,1,0.937,
ab-file-3L-on-h264,112.3,2026-10-06T03:12:12.493,ab-sub-lo,LOW,audio,2954531467,,,,1361782,0,0.002,,,
ab-file-3L-on-h264,112.3,2026-10-06T03:12:12.493,ab-sub-lo,LOW,video,1794878958,160,90,29,2271457,0,0.001,0,0,
ab-file-3L-on-h264,114.3,2026-10-06T03:12:14.522,ab-sub-hi,HIGH,audio,153649588,,,,1379835,0,0.002,,,
ab-file-3L-on-h264,114.3,2026-10-06T03:12:14.522,ab-sub-hi,HIGH,video,1197578870,320,180,30,13645586,0,0.002,1,0.937,
ab-file-3L-on-h264,114.3,2026-10-06T03:12:14.522,ab-sub-lo,LOW,audio,2954531467,,,,1379605,0,0.002,,,
ab-file-3L-on-h264,114.3,2026-10-06T03:12:14.522,ab-sub-lo,LOW,video,1794878958,160,90,29,2307586,0,0.002,0,0,
ab-file-3L-on-h264,116.3,2026-10-06T03:12:16.557,ab-sub-hi,HIGH,audio,153649588,,,,1392874,0,0.002,,,
ab-file-3L-on-h264,116.3,2026-10-06T03:12:16.557,ab-sub-hi,HIGH,video,1197578870,320,180,30,13758950,0,0.003,1,0.937,
ab-file-3L-on-h264,116.3,2026-10-06T03:12:16.557,ab-sub-lo,LOW,audio,2954531467,,,,1392644,0,0.002,,,
ab-file-3L-on-h264,116.3,2026-10-06T03:12:16.557,ab-sub-lo,LOW,video,1794878958,160,90,30,2344502,0,0.003,0,0,
ab-file-3L-on-h264,118.4,2026-10-06T03:12:18.587,ab-sub-hi,HIGH,audio,153649588,,,,1402716,0,0.003,,,
ab-file-3L-on-h264,118.4,2026-10-06T03:12:18.587,ab-sub-hi,HIGH,video,1197578870,320,180,30,13872162,0,0.002,1,0.937,
ab-file-3L-on-h264,118.4,2026-10-06T03:12:18.587,ab-sub-lo,LOW,audio,2954531467,,,,1402486,0,0.003,,,
ab-file-3L-on-h264,118.4,2026-10-06T03:12:18.587,ab-sub-lo,LOW,video,1794878958,160,90,30,2382036,0,0.002,0,0,
ab-file-3L-on-h264,120.4,2026-10-06T03:12:20.607,ab-sub-hi,HIGH,audio,153649588,,,,1426902,0,0.002,,,
ab-file-3L-on-h264,120.4,2026-10-06T03:12:20.607,ab-sub-hi,HIGH,video,1197578870,320,180,30,13986887,0,0.003,1,0.937,
ab-file-3L-on-h264,120.4,2026-10-06T03:12:20.607,ab-sub-lo,LOW,audio,2954531467,,,,1426921,0,0.002,,,
ab-file-3L-on-h264,120.4,2026-10-06T03:12:20.607,ab-sub-lo,LOW,video,1794878958,160,90,28,2416627,0,0.003,0,0,
ab-file-2L-off-h264,2,2026-10-06T03:13:04.618,ab-sub-hi,HIGH,audio,3886927857,,,,262588,0,0.002,,,
ab-file-2L-off-h264,2,2026-10-06T03:13:04.618,ab-sub-hi,HIGH,video,1154319887,1280,720,31,5325647,0,0.006,0,0,
ab-file-2L-off-h264,2,2026-10-06T03:13:04.618,ab-sub-lo,LOW,audio,3457841387,,,,257609,0,0.003,,,
ab-file-2L-off-h264,2,2026-10-06T03:13:04.618,ab-sub-lo,LOW,video,1113325259,320,180,20,913919,0,0.002,0,0,
ab-file-2L-off-h264,4.1,2026-10-06T03:13:06.673,ab-sub-hi,HIGH,audio,3886927857,,,,287856,0,0.001,,,
ab-file-2L-off-h264,4.1,2026-10-06T03:13:06.673,ab-sub-hi,HIGH,video,1154319887,1280,720,30,5761142,0,0.006,0,0,
ab-file-2L-off-h264,4.1,2026-10-06T03:13:06.673,ab-sub-lo,LOW,audio,3457841387,,,,282877,0,0.001,,,
ab-file-2L-off-h264,4.1,2026-10-06T03:13:06.673,ab-sub-lo,LOW,video,1113325259,320,180,20,952733,0,0.002,0,0,
ab-file-2L-off-h264,6.1,2026-10-06T03:13:08.697,ab-sub-hi,HIGH,audio,3886927857,,,,312327,0,0.001,,,
ab-file-2L-off-h264,6.1,2026-10-06T03:13:08.697,ab-sub-hi,HIGH,video,1154319887,1280,720,31,6192801,0,0.006,0,0,
ab-file-2L-off-h264,6.1,2026-10-06T03:13:08.697,ab-sub-lo,LOW,audio,3457841387,,,,307348,0,0.001,,,
ab-file-2L-off-h264,6.1,2026-10-06T03:13:08.697,ab-sub-lo,LOW,video,1113325259,320,180,20,989508,0,0.002,0,0,
ab-file-2L-off-h264,8.1,2026-10-06T03:13:10.724,ab-sub-hi,HIGH,audio,3886927857,,,,331438,0,0.001,,,
ab-file-2L-off-h264,8.1,2026-10-06T03:13:10.724,ab-sub-hi,HIGH,video,1154319887,1280,720,31,6612554,0,0.005,0,0,
ab-file-2L-off-h264,8.1,2026-10-06T03:13:10.724,ab-sub-lo,LOW,audio,3457841387,,,,326459,0,0.001,,,
ab-file-2L-off-h264,8.1,2026-10-06T03:13:10.724,ab-sub-lo,LOW,video,1113325259,320,180,21,1026862,0,0.002,0,0,
ab-file-2L-off-h264,10.1,2026-10-06T03:13:12.750,ab-sub-hi,HIGH,audio,3886927857,,,,350198,0,0.001,,,
ab-file-2L-off-h264,10.1,2026-10-06T03:13:12.750,ab-sub-hi,HIGH,video,1154319887,1280,720,29,7043849,0,0.006,0,0,
ab-file-2L-off-h264,10.1,2026-10-06T03:13:12.750,ab-sub-lo,LOW,audio,3457841387,,,,345219,0,0.002,,,
ab-file-2L-off-h264,10.1,2026-10-06T03:13:12.750,ab-sub-lo,LOW,video,1113325259,320,180,20,1063750,0,0.002,0,0,
ab-file-2L-off-h264,12.2,2026-10-06T03:13:14.784,ab-sub-hi,HIGH,audio,3886927857,,,,374807,0,0.001,,,
ab-file-2L-off-h264,12.2,2026-10-06T03:13:14.784,ab-sub-hi,HIGH,video,1154319887,1280,720,30,7477539,0,0.007,0,0,
ab-file-2L-off-h264,12.2,2026-10-06T03:13:14.784,ab-sub-lo,LOW,audio,3457841387,,,,370051,0,0.001,,,
ab-file-2L-off-h264,12.2,2026-10-06T03:13:14.784,ab-sub-lo,LOW,video,1113325259,320,180,20,1100712,0,0.002,0,0,
ab-file-2L-off-h264,14.2,2026-10-06T03:13:16.813,ab-sub-hi,HIGH,audio,3886927857,,,,385711,0,0.001,,,
ab-file-2L-off-h264,14.2,2026-10-06T03:13:16.813,ab-sub-hi,HIGH,video,1154319887,1280,720,30,7904979,0,0.006,0,0,
ab-file-2L-off-h264,14.2,2026-10-06T03:13:16.813,ab-sub-lo,LOW,audio,3457841387,,,,380732,0,0.001,,,
ab-file-2L-off-h264,14.2,2026-10-06T03:13:16.813,ab-sub-lo,LOW,video,1113325259,320,180,21,1137977,0,0.002,0,0,
ab-file-2L-off-h264,16.2,2026-10-06T03:13:18.829,ab-sub-hi,HIGH,audio,3886927857,,,,396038,0,0.001,,,
ab-file-2L-off-h264,16.2,2026-10-06T03:13:18.829,ab-sub-hi,HIGH,video,1154319887,1280,720,30,8323321,0,0.008,0,0,
ab-file-2L-off-h264,16.2,2026-10-06T03:13:18.829,ab-sub-lo,LOW,audio,3457841387,,,,391059,0,0.001,,,
ab-file-2L-off-h264,16.2,2026-10-06T03:13:18.829,ab-sub-lo,LOW,video,1113325259,320,180,20,1176278,0,0.002,0,0,
ab-file-2L-off-h264,18.3,2026-10-06T03:13:20.857,ab-sub-hi,HIGH,audio,3886927857,,,,415063,0,0.001,,,
ab-file-2L-off-h264,18.3,2026-10-06T03:13:20.857,ab-sub-hi,HIGH,video,1154319887,1280,720,31,8750964,0,0.007,0,0,
ab-file-2L-off-h264,18.3,2026-10-06T03:13:20.857,ab-sub-lo,LOW,audio,3457841387,,,,410084,0,0.001,,,
ab-file-2L-off-h264,18.3,2026-10-06T03:13:20.857,ab-sub-lo,LOW,video,1113325259,320,180,20,1213260,0,0.002,0,0,
ab-file-2L-off-h264,20.3,2026-10-06T03:13:22.901,ab-sub-hi,HIGH,audio,3886927857,,,,439424,0,0.001,,,
ab-file-2L-off-h264,20.3,2026-10-06T03:13:22.901,ab-sub-hi,HIGH,video,1154319887,1280,720,28,9175477,0,0.008,0,0,
ab-file-2L-off-h264,20.3,2026-10-06T03:13:22.901,ab-sub-lo,LOW,audio,3457841387,,,,434445,0,0.001,,,
ab-file-2L-off-h264,20.3,2026-10-06T03:13:22.901,ab-sub-lo,LOW,video,1113325259,320,180,19,1251770,0,0.003,0,0,
ab-file-2L-off-h264,22.3,2026-10-06T03:13:24.933,ab-sub-hi,HIGH,audio,3886927857,,,,464874,0,0.002,,,
ab-file-2L-off-h264,22.3,2026-10-06T03:13:24.933,ab-sub-hi,HIGH,video,1154319887,1280,720,30,9612204,0,0.009,0,0,
ab-file-2L-off-h264,22.3,2026-10-06T03:13:24.933,ab-sub-lo,LOW,audio,3457841387,,,,459895,0,0.002,,,
ab-file-2L-off-h264,22.3,2026-10-06T03:13:24.933,ab-sub-lo,LOW,video,1113325259,320,180,20,1288989,0,0.003,0,0,
ab-file-2L-off-h264,24.4,2026-10-06T03:13:26.962,ab-sub-hi,HIGH,audio,3886927857,,,,489794,0,0.001,,,
ab-file-2L-off-h264,24.4,2026-10-06T03:13:26.962,ab-sub-hi,HIGH,video,1154319887,1280,720,29,10035909,0,0.008,0,0,
ab-file-2L-off-h264,24.4,2026-10-06T03:13:26.962,ab-sub-lo,LOW,audio,3457841387,,,,484815,0,0.001,,,
ab-file-2L-off-h264,24.4,2026-10-06T03:13:26.962,ab-sub-lo,LOW,video,1113325259,320,180,20,1327172,0,0.002,0,0,
ab-file-2L-off-h264,26.4,2026-10-06T03:13:28.991,ab-sub-hi,HIGH,audio,3886927857,,,,514182,0,0.002,,,
ab-file-2L-off-h264,26.4,2026-10-06T03:13:28.991,ab-sub-hi,HIGH,video,1154319887,1280,720,30,10475918,0,0.007,0,0,
ab-file-2L-off-h264,26.4,2026-10-06T03:13:28.991,ab-sub-lo,LOW,audio,3457841387,,,,509203,0,0.002,,,
ab-file-2L-off-h264,26.4,2026-10-06T03:13:28.991,ab-sub-lo,LOW,video,1113325259,320,180,20,1363035,0,0.004,0,0,
ab-file-2L-off-h264,28.4,2026-10-06T03:13:31.021,ab-sub-hi,HIGH,audio,3886927857,,,,531087,0,0.002,,,
ab-file-2L-off-h264,28.4,2026-10-06T03:13:31.021,ab-sub-hi,HIGH,video,1154319887,1280,720,30,10897563,0,0.007,0,0,
ab-file-2L-off-h264,28.4,2026-10-06T03:13:31.021,ab-sub-lo,LOW,audio,3457841387,,,,526108,0,0.002,,,
ab-file-2L-off-h264,28.4,2026-10-06T03:13:31.021,ab-sub-lo,LOW,video,1113325259,320,180,20,1392671,0,0.002,0,0,
ab-file-2L-off-h264,30.4,2026-10-06T03:13:33.051,ab-sub-hi,HIGH,audio,3886927857,,,,552236,0,0.002,,,
ab-file-2L-off-h264,30.4,2026-10-06T03:13:33.051,ab-sub-hi,HIGH,video,1154319887,1280,720,30,11328640,0,0.007,0,0,
ab-file-2L-off-h264,30.4,2026-10-06T03:13:33.051,ab-sub-lo,LOW,audio,3457841387,,,,547257,0,0.002,,,
ab-file-2L-off-h264,30.4,2026-10-06T03:13:33.051,ab-sub-lo,LOW,video,1113325259,320,180,20,1423074,0,0.002,0,0,
ab-file-2L-off-h264,32.5,2026-10-06T03:13:35.080,ab-sub-hi,HIGH,audio,3886927857,,,,576843,0,0.001,,,
ab-file-2L-off-h264,32.5,2026-10-06T03:13:35.080,ab-sub-hi,HIGH,video,1154319887,1280,720,30,11760399,0,0.01,0,0,
ab-file-2L-off-h264,32.5,2026-10-06T03:13:35.080,ab-sub-lo,LOW,audio,3457841387,,,,572106,0,0.002,,,
ab-file-2L-off-h264,32.5,2026-10-06T03:13:35.080,ab-sub-lo,LOW,video,1113325259,320,180,20,1453888,0,0.002,0,0,
ab-file-2L-off-h264,34.5,2026-10-06T03:13:37.130,ab-sub-hi,HIGH,audio,3886927857,,,,587164,0,0.002,,,
ab-file-2L-off-h264,34.5,2026-10-06T03:13:37.130,ab-sub-hi,HIGH,video,1154319887,1280,720,29,12184764,0,0.008,0,0,
ab-file-2L-off-h264,34.5,2026-10-06T03:13:37.130,ab-sub-lo,LOW,audio,3457841387,,,,582185,0,0.002,,,
ab-file-2L-off-h264,34.5,2026-10-06T03:13:37.130,ab-sub-lo,LOW,video,1113325259,320,180,20,1487844,0,0.003,0,0,
ab-file-2L-off-h264,36.6,2026-10-06T03:13:39.180,ab-sub-hi,HIGH,audio,3886927857,,,,595685,0,0.001,,,
ab-file-2L-off-h264,36.6,2026-10-06T03:13:39.180,ab-sub-hi,HIGH,video,1154319887,1280,720,30,12620141,0,0.008,0,0,
ab-file-2L-off-h264,36.6,2026-10-06T03:13:39.180,ab-sub-lo,LOW,audio,3457841387,,,,590706,0,0.001,,,
ab-file-2L-off-h264,36.6,2026-10-06T03:13:39.180,ab-sub-lo,LOW,video,1113325259,320,180,20,1526003,0,0.002,0,0,
ab-file-2L-off-h264,38.6,2026-10-06T03:13:41.236,ab-sub-hi,HIGH,audio,3886927857,,,,618163,0,0.002,,,
ab-file-2L-off-h264,38.6,2026-10-06T03:13:41.236,ab-sub-hi,HIGH,video,1154319887,1280,720,30,13059096,0,0.006,0,0,
ab-file-2L-off-h264,38.6,2026-10-06T03:13:41.236,ab-sub-lo,LOW,audio,3457841387,,,,613184,0,0.002,,,
ab-file-2L-off-h264,38.6,2026-10-06T03:13:41.236,ab-sub-lo,LOW,video,1113325259,320,180,20,1563932,0,0.002,0,0,
ab-file-2L-off-h264,40.7,2026-10-06T03:13:43.265,ab-sub-hi,HIGH,audio,3886927857,,,,642712,0,0.002,,,
ab-file-2L-off-h264,40.7,2026-10-06T03:13:43.265,ab-sub-hi,HIGH,video,1154319887,1280,720,30,13478633,0,0.006,0,0,
ab-file-2L-off-h264,40.7,2026-10-06T03:13:43.265,ab-sub-lo,LOW,audio,3457841387,,,,637733,0,0.002,,,
ab-file-2L-off-h264,40.7,2026-10-06T03:13:43.265,ab-sub-lo,LOW,video,1113325259,320,180,21,1602543,0,0.002,0,0,
ab-file-2L-off-h264,42.7,2026-10-06T03:13:45.306,ab-sub-hi,HIGH,audio,3886927857,,,,668035,0,0.002,,,
ab-file-2L-off-h264,42.7,2026-10-06T03:13:45.306,ab-sub-hi,HIGH,video,1154319887,1280,720,30,13918956,0,0.005,0,0,
ab-file-2L-off-h264,42.7,2026-10-06T03:13:45.306,ab-sub-lo,LOW,audio,3457841387,,,,663056,0,0.002,,,
ab-file-2L-off-h264,42.7,2026-10-06T03:13:45.306,ab-sub-lo,LOW,video,1113325259,320,180,20,1640702,0,0.002,0,0,
ab-file-2L-off-h264,44.8,2026-10-06T03:13:47.365,ab-sub-hi,HIGH,audio,3886927857,,,,693379,0,0.002,,,
ab-file-2L-off-h264,44.8,2026-10-06T03:13:47.365,ab-sub-hi,HIGH,video,1154319887,1280,720,30,14339288,0,0.005,0,0,
ab-file-2L-off-h264,44.8,2026-10-06T03:13:47.365,ab-sub-lo,LOW,audio,3457841387,,,,688400,0,0.002,,,
ab-file-2L-off-h264,44.8,2026-10-06T03:13:47.365,ab-sub-lo,LOW,video,1113325259,320,180,20,1678306,0,0.002,0,0,
ab-file-2L-off-h264,46.8,2026-10-06T03:13:49.412,ab-sub-hi,HIGH,audio,3886927857,,,,717720,0,0.002,,,
ab-file-2L-off-h264,46.8,2026-10-06T03:13:49.412,ab-sub-hi,HIGH,video,1154319887,1280,720,30,14780094,0,0.006,0,0,
ab-file-2L-off-h264,46.8,2026-10-06T03:13:49.412,ab-sub-lo,LOW,audio,3457841387,,,,712741,0,0.002,,,
ab-file-2L-off-h264,46.8,2026-10-06T03:13:49.412,ab-sub-lo,LOW,video,1113325259,320,180,21,1716597,0,0.001,0,0,
ab-file-2L-off-h264,48.8,2026-10-06T03:13:51.439,ab-sub-hi,HIGH,audio,3886927857,,,,731087,0,0.002,,,
ab-file-2L-off-h264,48.8,2026-10-06T03:13:51.439,ab-sub-hi,HIGH,video,1154319887,1280,720,30,15206598,0,0.007,0,0,
ab-file-2L-off-h264,48.8,2026-10-06T03:13:51.439,ab-sub-lo,LOW,audio,3457841387,,,,726108,0,0.002,,,
ab-file-2L-off-h264,48.8,2026-10-06T03:13:51.439,ab-sub-lo,LOW,video,1113325259,320,180,21,1752940,0,0.002,0,0,
ab-file-2L-off-h264,50.9,2026-10-06T03:13:53.454,ab-sub-hi,HIGH,audio,3886927857,,,,755733,0,0.001,,,
ab-file-2L-off-h264,50.9,2026-10-06T03:13:53.454,ab-sub-hi,HIGH,video,1154319887,1280,720,30,15633459,0,0.007,0,0,
ab-file-2L-off-h264,50.9,2026-10-06T03:13:53.454,ab-sub-lo,LOW,audio,3457841387,,,,750754,0,0.001,,,
ab-file-2L-off-h264,50.9,2026-10-06T03:13:53.454,ab-sub-lo,LOW,video,1113325259,320,180,20,1791118,0,0.002,0,0,
ab-file-2L-off-h264,52.9,2026-10-06T03:13:55.483,ab-sub-hi,HIGH,audio,3886927857,,,,780031,0,0.002,,,
ab-file-2L-off-h264,52.9,2026-10-06T03:13:55.483,ab-sub-hi,HIGH,video,1154319887,1280,720,30,16062541,0,0.007,0,0,
ab-file-2L-off-h264,52.9,2026-10-06T03:13:55.483,ab-sub-lo,LOW,audio,3457841387,,,,775289,0,0.002,,,
ab-file-2L-off-h264,52.9,2026-10-06T03:13:55.483,ab-sub-lo,LOW,video,1113325259,320,180,19,1828599,0,0.001,0,0,
ab-file-2L-off-h264,54.9,2026-10-06T03:13:57.505,ab-sub-hi,HIGH,audio,3886927857,,,,786705,0,0.001,,,
ab-file-2L-off-h264,54.9,2026-10-06T03:13:57.505,ab-sub-hi,HIGH,video,1154319887,1280,720,29,16486679,0,0.009,0,0,
ab-file-2L-off-h264,54.9,2026-10-06T03:13:57.505,ab-sub-lo,LOW,audio,3457841387,,,,781846,0,0.001,,,
ab-file-2L-off-h264,54.9,2026-10-06T03:13:57.505,ab-sub-lo,LOW,video,1113325259,320,180,20,1865814,0,0.004,0,0,
ab-file-2L-off-h264,56.9,2026-10-06T03:13:59.534,ab-sub-hi,HIGH,audio,3886927857,,,,796099,0,0.002,,,
ab-file-2L-off-h264,56.9,2026-10-06T03:13:59.534,ab-sub-hi,HIGH,video,1154319887,1280,720,30,16919487,0,0.007,0,0,
ab-file-2L-off-h264,56.9,2026-10-06T03:13:59.534,ab-sub-lo,LOW,audio,3457841387,,,,791120,0,0.002,,,
ab-file-2L-off-h264,56.9,2026-10-06T03:13:59.534,ab-sub-lo,LOW,video,1113325259,320,180,20,1903840,0,0.002,0,0,
ab-file-2L-off-h264,59,2026-10-06T03:14:01.562,ab-sub-hi,HIGH,audio,3886927857,,,,820580,0,0.002,,,
ab-file-2L-off-h264,59,2026-10-06T03:14:01.562,ab-sub-hi,HIGH,video,1154319887,1280,720,29,17333208,0,0.008,0,0,
ab-file-2L-off-h264,59,2026-10-06T03:14:01.562,ab-sub-lo,LOW,audio,3457841387,,,,815601,0,0.003,,,
ab-file-2L-off-h264,59,2026-10-06T03:14:01.562,ab-sub-lo,LOW,video,1113325259,320,180,20,1942020,0,0.004,0,0,
ab-file-2L-off-h264,61,2026-10-06T03:14:03.592,ab-sub-hi,HIGH,audio,3886927857,,,,845200,0,0.002,,,
ab-file-2L-off-h264,61,2026-10-06T03:14:03.592,ab-sub-hi,HIGH,video,1154319887,1280,720,31,17760995,0,0.007,0,0,
ab-file-2L-off-h264,61,2026-10-06T03:14:03.592,ab-sub-lo,LOW,audio,3457841387,,,,839794,0,0.002,,,
ab-file-2L-off-h264,61,2026-10-06T03:14:03.592,ab-sub-lo,LOW,video,1113325259,320,180,20,1977917,0,0.002,0,0,
ab-file-2L-off-h264,63,2026-10-06T03:14:05.624,ab-sub-hi,HIGH,audio,3886927857,,,,870150,0,0.002,,,
ab-file-2L-off-h264,63,2026-10-06T03:14:05.624,ab-sub-hi,HIGH,video,1154319887,1280,720,30,18178863,0,0.008,0,0,
ab-file-2L-off-h264,63,2026-10-06T03:14:05.624,ab-sub-lo,LOW,audio,3457841387,,,,865171,0,0.002,,,
ab-file-2L-off-h264,63,2026-10-06T03:14:05.624,ab-sub-lo,LOW,video,1113325259,320,180,20,2017030,0,0.003,0,0,
ab-file-2L-off-h264,65,2026-10-06T03:14:07.650,ab-sub-hi,HIGH,audio,3886927857,,,,895332,0,0.002,,,
ab-file-2L-off-h264,65,2026-10-06T03:14:07.650,ab-sub-hi,HIGH,video,1154319887,1280,720,30,18604631,0,0.007,0,0,
ab-file-2L-off-h264,65,2026-10-06T03:14:07.650,ab-sub-lo,LOW,audio,3457841387,,,,890353,0,0.002,,,
ab-file-2L-off-h264,65,2026-10-06T03:14:07.650,ab-sub-lo,LOW,video,1113325259,320,180,20,2054594,0,0.002,0,0,
ab-file-2L-off-h264,67.1,2026-10-06T03:14:09.696,ab-sub-hi,HIGH,audio,3886927857,,,,919817,0,0.002,,,
ab-file-2L-off-h264,67.1,2026-10-06T03:14:09.696,ab-sub-hi,HIGH,video,1154319887,1280,720,31,19045839,0,0.007,0,0,
ab-file-2L-off-h264,67.1,2026-10-06T03:14:09.696,ab-sub-lo,LOW,audio,3457841387,,,,915068,0,0.002,,,
ab-file-2L-off-h264,67.1,2026-10-06T03:14:09.696,ab-sub-lo,LOW,video,1113325259,320,180,20,2093695,0,0.001,0,0,
ab-file-2L-off-h264,69.1,2026-10-06T03:14:11.743,ab-sub-hi,HIGH,audio,3886927857,,,,933343,0,0.002,,,
ab-file-2L-off-h264,69.1,2026-10-06T03:14:11.743,ab-sub-hi,HIGH,video,1154319887,1280,720,29,19470813,0,0.007,0,0,
ab-file-2L-off-h264,69.1,2026-10-06T03:14:11.743,ab-sub-lo,LOW,audio,3457841387,,,,928364,0,0.002,,,
ab-file-2L-off-h264,69.1,2026-10-06T03:14:11.743,ab-sub-lo,LOW,video,1113325259,320,180,20,2130468,0,0.002,0,0,
ab-file-2L-off-h264,71.2,2026-10-06T03:14:13.777,ab-sub-hi,HIGH,audio,3886927857,,,,957936,0,0.002,,,
ab-file-2L-off-h264,71.2,2026-10-06T03:14:13.777,ab-sub-hi,HIGH,video,1154319887,1280,720,30,19904144,0,0.007,0,0,
ab-file-2L-off-h264,71.2,2026-10-06T03:14:13.777,ab-sub-lo,LOW,audio,3457841387,,,,952957,0,0.002,,,
ab-file-2L-off-h264,71.2,2026-10-06T03:14:13.777,ab-sub-lo,LOW,video,1113325259,320,180,19,2168227,0,0.002,0,0,
ab-file-2L-off-h264,73.2,2026-10-06T03:14:15.803,ab-sub-hi,HIGH,audio,3886927857,,,,980600,0,0.001,,,
ab-file-2L-off-h264,73.2,2026-10-06T03:14:15.803,ab-sub-hi,HIGH,video,1154319887,1280,720,30,20328853,0,0.006,0,0,
ab-file-2L-off-h264,73.2,2026-10-06T03:14:15.803,ab-sub-lo,LOW,audio,3457841387,,,,975621,0,0.001,,,
ab-file-2L-off-h264,73.2,2026-10-06T03:14:15.803,ab-sub-lo,LOW,video,1113325259,320,180,19,2206312,0,0.002,0,0,
ab-file-2L-off-h264,75.2,2026-10-06T03:14:17.850,ab-sub-hi,HIGH,audio,3886927857,,,,989318,0,0.002,,,
ab-file-2L-off-h264,75.2,2026-10-06T03:14:17.850,ab-sub-hi,HIGH,video,1154319887,1280,720,29,20749069,0,0.006,0,0,
ab-file-2L-off-h264,75.2,2026-10-06T03:14:17.850,ab-sub-lo,LOW,audio,3457841387,,,,984551,0,0.002,,,
ab-file-2L-off-h264,75.2,2026-10-06T03:14:17.850,ab-sub-lo,LOW,video,1113325259,320,180,20,2244219,0,0.002,0,0,
ab-file-2L-off-h264,77.3,2026-10-06T03:14:19.895,ab-sub-hi,HIGH,audio,3886927857,,,,999087,0,0.001,,,
ab-file-2L-off-h264,77.3,2026-10-06T03:14:19.895,ab-sub-hi,HIGH,video,1154319887,1280,720,30,21190011,0,0.006,0,0,
ab-file-2L-off-h264,77.3,2026-10-06T03:14:19.895,ab-sub-lo,LOW,audio,3457841387,,,,994108,0,0.001,,,
ab-file-2L-off-h264,77.3,2026-10-06T03:14:19.895,ab-sub-lo,LOW,video,1113325259,320,180,20,2282421,0,0.002,0,0,
ab-file-2L-off-h264,79.3,2026-10-06T03:14:21.925,ab-sub-hi,HIGH,audio,3886927857,,,,1023757,0,0.002,,,
ab-file-2L-off-h264,79.3,2026-10-06T03:14:21.925,ab-sub-hi,HIGH,video,1154319887,1280,720,29,21604754,0,0.007,0,0,
ab-file-2L-off-h264,79.3,2026-10-06T03:14:21.925,ab-sub-lo,LOW,audio,3457841387,,,,1018778,0,0.002,,,
ab-file-2L-off-h264,79.3,2026-10-06T03:14:21.925,ab-sub-lo,LOW,video,1113325259,320,180,20,2320383,0,0.002,0,0,
ab-file-2L-off-h264,81.4,2026-10-06T03:14:23.969,ab-sub-hi,HIGH,audio,3886927857,,,,1048190,0,0.001,,,
ab-file-2L-off-h264,81.4,2026-10-06T03:14:23.969,ab-sub-hi,HIGH,video,1154319887,1280,720,30,22030796,0,0.007,0,0,
ab-file-2L-off-h264,81.4,2026-10-06T03:14:23.969,ab-sub-lo,LOW,audio,3457841387,,,,1043458,0,0.001,,,
ab-file-2L-off-h264,81.4,2026-10-06T03:14:23.969,ab-sub-lo,LOW,video,1113325259,320,180,19,2357545,0,0.003,0,0,
ab-file-2L-off-h264,83.4,2026-10-06T03:14:25.998,ab-sub-hi,HIGH,audio,3886927857,,,,1073342,0,0.001,,,
ab-file-2L-off-h264,83.4,2026-10-06T03:14:25.998,ab-sub-hi,HIGH,video,1154319887,1280,720,30,22457716,0,0.007,0,0,
ab-file-2L-off-h264,83.4,2026-10-06T03:14:25.998,ab-sub-lo,LOW,audio,3457841387,,,,1068363,0,0.001,,,
ab-file-2L-off-h264,83.4,2026-10-06T03:14:25.998,ab-sub-lo,LOW,video,1113325259,320,180,20,2395600,0,0.002,0,0,
ab-file-2L-off-h264,85.4,2026-10-06T03:14:28.029,ab-sub-hi,HIGH,audio,3886927857,,,,1098311,0,0.001,,,
ab-file-2L-off-h264,85.4,2026-10-06T03:14:28.029,ab-sub-hi,HIGH,video,1154319887,1280,720,29,22875335,0,0.008,0,0,
ab-file-2L-off-h264,85.4,2026-10-06T03:14:28.029,ab-sub-lo,LOW,audio,3457841387,,,,1093553,0,0.001,,,
ab-file-2L-off-h264,85.4,2026-10-06T03:14:28.029,ab-sub-lo,LOW,video,1113325259,320,180,19,2433558,0,0.002,0,0,
ab-file-2L-off-h264,87.5,2026-10-06T03:14:30.060,ab-sub-hi,HIGH,audio,3886927857,,,,1122793,0,0.001,,,
ab-file-2L-off-h264,87.5,2026-10-06T03:14:30.060,ab-sub-hi,HIGH,video,1154319887,1280,720,30,23299782,0,0.007,0,0,
ab-file-2L-off-h264,87.5,2026-10-06T03:14:30.060,ab-sub-lo,LOW,audio,3457841387,,,,1118031,0,0.001,,,
ab-file-2L-off-h264,87.5,2026-10-06T03:14:30.060,ab-sub-lo,LOW,video,1113325259,320,180,20,2468349,0,0.002,0,0,
ab-file-2L-off-h264,89.5,2026-10-06T03:14:32.094,ab-sub-hi,HIGH,audio,3886927857,,,,1136357,0,0.001,,,
ab-file-2L-off-h264,89.5,2026-10-06T03:14:32.094,ab-sub-hi,HIGH,video,1154319887,1280,720,29,23720720,0,0.007,0,0,
ab-file-2L-off-h264,89.5,2026-10-06T03:14:32.094,ab-sub-lo,LOW,audio,3457841387,,,,1131378,0,0.001,,,
ab-file-2L-off-h264,89.5,2026-10-06T03:14:32.094,ab-sub-lo,LOW,video,1113325259,320,180,21,2496082,0,0.001,0,0,
ab-file-2L-off-h264,91.5,2026-10-06T03:14:34.128,ab-sub-hi,HIGH,audio,3886927857,,,,1160760,0,0.002,,,
ab-file-2L-off-h264,91.5,2026-10-06T03:14:34.128,ab-sub-hi,HIGH,video,1154319887,1280,720,30,24157287,0,0.006,0,0,
ab-file-2L-off-h264,91.5,2026-10-06T03:14:34.128,ab-sub-lo,LOW,audio,3457841387,,,,1156002,0,0.002,,,
ab-file-2L-off-h264,91.5,2026-10-06T03:14:34.128,ab-sub-lo,LOW,video,1113325259,320,180,20,2526082,0,0.002,0,0,
ab-file-2L-off-h264,93.6,2026-10-06T03:14:36.161,ab-sub-hi,HIGH,audio,3886927857,,,,1180258,0,0.001,,,
ab-file-2L-off-h264,93.6,2026-10-06T03:14:36.161,ab-sub-hi,HIGH,video,1154319887,1280,720,30,24575575,0,0.009,0,0,
ab-file-2L-off-h264,93.6,2026-10-06T03:14:36.161,ab-sub-lo,LOW,audio,3457841387,,,,1175279,0,0.001,,,
ab-file-2L-off-h264,93.6,2026-10-06T03:14:36.161,ab-sub-lo,LOW,video,1113325259,320,180,21,2556231,0,0.004,0,0,
ab-file-2L-off-h264,95.6,2026-10-06T03:14:38.201,ab-sub-hi,HIGH,audio,3886927857,,,,1192193,0,0.001,,,
ab-file-2L-off-h264,95.6,2026-10-06T03:14:38.201,ab-sub-hi,HIGH,video,1154319887,1280,720,29,25004578,0,0.007,0,0,
ab-file-2L-off-h264,95.6,2026-10-06T03:14:38.201,ab-sub-lo,LOW,audio,3457841387,,,,1187214,0,0.001,,,
ab-file-2L-off-h264,95.6,2026-10-06T03:14:38.201,ab-sub-lo,LOW,video,1113325259,320,180,20,2594556,0,0.001,0,0,
ab-file-2L-off-h264,97.6,2026-10-06T03:14:40.231,ab-sub-hi,HIGH,audio,3886927857,,,,1201914,0,0.001,,,
ab-file-2L-off-h264,97.6,2026-10-06T03:14:40.231,ab-sub-hi,HIGH,video,1154319887,1280,720,30,25440787,0,0.007,0,0,
ab-file-2L-off-h264,97.6,2026-10-06T03:14:40.231,ab-sub-lo,LOW,audio,3457841387,,,,1196935,0,0.001,,,
ab-file-2L-off-h264,97.6,2026-10-06T03:14:40.231,ab-sub-lo,LOW,video,1113325259,320,180,21,2631408,0,0.002,0,0,
ab-file-2L-off-h264,99.6,2026-10-06T03:14:42.247,ab-sub-hi,HIGH,audio,3886927857,,,,1226133,0,0.001,,,
ab-file-2L-off-h264,99.6,2026-10-06T03:14:42.247,ab-sub-hi,HIGH,video,1154319887,1280,720,29,25858851,0,0.006,0,0,
ab-file-2L-off-h264,99.6,2026-10-06T03:14:42.247,ab-sub-lo,LOW,audio,3457841387,,,,1221154,0,0.001,,,
ab-file-2L-off-h264,99.6,2026-10-06T03:14:42.247,ab-sub-lo,LOW,video,1113325259,320,180,20,2669164,0,0.002,0,0,
ab-file-2L-off-h264,101.7,2026-10-06T03:14:44.273,ab-sub-hi,HIGH,audio,3886927857,,,,1250695,0,0.002,,,
ab-file-2L-off-h264,101.7,2026-10-06T03:14:44.273,ab-sub-hi,HIGH,video,1154319887,1280,720,31,26295428,0,0.006,0,0,
ab-file-2L-off-h264,101.7,2026-10-06T03:14:44.273,ab-sub-lo,LOW,audio,3457841387,,,,1245716,0,0.002,,,
ab-file-2L-off-h264,101.7,2026-10-06T03:14:44.273,ab-sub-lo,LOW,video,1113325259,320,180,20,2706876,0,0.001,0,0,
ab-file-2L-off-h264,103.7,2026-10-06T03:14:46.305,ab-sub-hi,HIGH,audio,3886927857,,,,1275533,0,0.002,,,
ab-file-2L-off-h264,103.7,2026-10-06T03:14:46.305,ab-sub-hi,HIGH,video,1154319887,1280,720,30,26705129,0,0.005,0,0,
ab-file-2L-off-h264,103.7,2026-10-06T03:14:46.305,ab-sub-lo,LOW,audio,3457841387,,,,1271088,0,0.002,,,
ab-file-2L-off-h264,103.7,2026-10-06T03:14:46.305,ab-sub-lo,LOW,video,1113325259,320,180,19,2744223,0,0.002,0,0,
ab-file-2L-off-h264,105.7,2026-10-06T03:14:48.335,ab-sub-hi,HIGH,audio,3886927857,,,,1300781,0,0.002,,,
ab-file-2L-off-h264,105.7,2026-10-06T03:14:48.335,ab-sub-hi,HIGH,video,1154319887,1280,720,31,27148439,0,0.007,0,0,
ab-file-2L-off-h264,105.7,2026-10-06T03:14:48.335,ab-sub-lo,LOW,audio,3457841387,,,,1295802,0,0.002,,,
ab-file-2L-off-h264,105.7,2026-10-06T03:14:48.335,ab-sub-lo,LOW,video,1113325259,320,180,20,2782176,0,0.001,0,0,
ab-file-2L-off-h264,107.8,2026-10-06T03:14:50.362,ab-sub-hi,HIGH,audio,3886927857,,,,1325050,0,0.002,,,
ab-file-2L-off-h264,107.8,2026-10-06T03:14:50.362,ab-sub-hi,HIGH,video,1154319887,1280,720,30,27567767,0,0.006,0,0,
ab-file-2L-off-h264,107.8,2026-10-06T03:14:50.362,ab-sub-lo,LOW,audio,3457841387,,,,1320071,0,0.002,,,
ab-file-2L-off-h264,107.8,2026-10-06T03:14:50.362,ab-sub-lo,LOW,video,1113325259,320,180,20,2820422,0,0.002,0,0,
ab-file-2L-off-h264,109.8,2026-10-06T03:14:52.396,ab-sub-hi,HIGH,audio,3886927857,,,,1338637,0,0.002,,,
ab-file-2L-off-h264,109.8,2026-10-06T03:14:52.396,ab-sub-hi,HIGH,video,1154319887,1280,720,30,28001581,0,0.006,0,0,
ab-file-2L-off-h264,109.8,2026-10-06T03:14:52.396,ab-sub-lo,LOW,audio,3457841387,,,,1333891,0,0.002,,,
ab-file-2L-off-h264,109.8,2026-10-06T03:14:52.396,ab-sub-lo,LOW,video,1113325259,320,180,20,2859336,0,0.002,0,0,
ab-file-2L-off-h264,111.8,2026-10-06T03:14:54.424,ab-sub-hi,HIGH,audio,3886927857,,,,1363318,0,0.002,,,
ab-file-2L-off-h264,111.8,2026-10-06T03:14:54.424,ab-sub-hi,HIGH,video,1154319887,1280,720,30,28434499,0,0.006,0,0,
ab-file-2L-off-h264,111.8,2026-10-06T03:14:54.424,ab-sub-lo,LOW,audio,3457841387,,,,1358339,0,0.002,,,
ab-file-2L-off-h264,111.8,2026-10-06T03:14:54.424,ab-sub-lo,LOW,video,1113325259,320,180,20,2895548,0,0.002,0,0,
ab-file-2L-off-h264,113.9,2026-10-06T03:14:56.452,ab-sub-hi,HIGH,audio,3886927857,,,,1379797,0,0.002,,,
ab-file-2L-off-h264,113.9,2026-10-06T03:14:56.452,ab-sub-hi,HIGH,video,1154319887,1280,720,29,28865727,0,0.005,0,0,
ab-file-2L-off-h264,113.9,2026-10-06T03:14:56.452,ab-sub-lo,LOW,audio,3457841387,,,,1374818,0,0.002,,,
ab-file-2L-off-h264,113.9,2026-10-06T03:14:56.452,ab-sub-lo,LOW,video,1113325259,320,180,20,2933385,0,0.002,0,0,
ab-file-2L-off-h264,115.9,2026-10-06T03:14:58.478,ab-sub-hi,HIGH,audio,3886927857,,,,1393767,0,0.002,,,
ab-file-2L-off-h264,115.9,2026-10-06T03:14:58.478,ab-sub-hi,HIGH,video,1154319887,1280,720,30,29289124,0,0.007,0,0,
ab-file-2L-off-h264,115.9,2026-10-06T03:14:58.478,ab-sub-lo,LOW,audio,3457841387,,,,1388788,0,0.002,,,
ab-file-2L-off-h264,115.9,2026-10-06T03:14:58.478,ab-sub-lo,LOW,video,1113325259,320,180,21,2971608,0,0.002,0,0,
ab-file-2L-off-h264,117.9,2026-10-06T03:15:00.518,ab-sub-hi,HIGH,audio,3886927857,,,,1403747,0,0.002,,,
ab-file-2L-off-h264,117.9,2026-10-06T03:15:00.518,ab-sub-hi,HIGH,video,1154319887,1280,720,30,29709923,0,0.007,0,0,
ab-file-2L-off-h264,117.9,2026-10-06T03:15:00.518,ab-sub-lo,LOW,audio,3457841387,,,,1398768,0,0.002,,,
ab-file-2L-off-h264,117.9,2026-10-06T03:15:00.518,ab-sub-lo,LOW,video,1113325259,320,180,20,3008363,0,0.002,0,0,
ab-file-2L-off-h264,120,2026-10-06T03:15:02.556,ab-sub-hi,HIGH,audio,3886927857,,,,1428206,0,0.001,,,
ab-file-2L-off-h264,120,2026-10-06T03:15:02.556,ab-sub-hi,HIGH,video,1154319887,1280,720,29,30136633,0,0.006,0,0,
ab-file-2L-off-h264,120,2026-10-06T03:15:02.556,ab-sub-lo,LOW,audio,3457841387,,,,1423450,0,0.001,,,
ab-file-2L-off-h264,120,2026-10-06T03:15:02.556,ab-sub-lo,LOW,video,1113325259,320,180,20,3046405,0,0.002,0,0,
ab-file-2L-off-h264,122,2026-10-06T03:15:04.584,ab-sub-hi,HIGH,audio,3886927857,,,,1453215,0,0.001,,,
ab-file-2L-off-h264,122,2026-10-06T03:15:04.584,ab-sub-hi,HIGH,video,1154319887,1280,720,30,30570001,0,0.007,0,0,
ab-file-2L-off-h264,122,2026-10-06T03:15:04.584,ab-sub-lo,LOW,audio,3457841387,,,,1448236,0,0.001,,,
ab-file-2L-off-h264,122,2026-10-06T03:15:04.584,ab-sub-lo,LOW,video,1113325259,320,180,20,3084359,0,0.001,0,0,
ab-file-2L-on-h264,2.3,2026-10-06T03:15:48.338,ab-sub-hi,HIGH,audio,1128210493,,,,260680,0,0.002,,,
ab-file-2L-on-h264,2.3,2026-10-06T03:15:48.338,ab-sub-hi,HIGH,video,1539260807,1280,720,26,5281627,0,0.009,1,0.333,
ab-file-2L-on-h264,2.3,2026-10-06T03:15:48.338,ab-sub-lo,LOW,audio,2115186644,,,,256859,0,0.002,,,
ab-file-2L-on-h264,2.3,2026-10-06T03:15:48.338,ab-sub-lo,LOW,video,2837384970,320,180,20,817011,0,0.008,0,0,
ab-file-2L-on-h264,4.3,2026-10-06T03:15:50.380,ab-sub-hi,HIGH,audio,1128210493,,,,286085,0,0.003,,,
ab-file-2L-on-h264,4.3,2026-10-06T03:15:50.380,ab-sub-hi,HIGH,video,1539260807,1280,720,25,5659608,0,0.01,1,0.333,
ab-file-2L-on-h264,4.3,2026-10-06T03:15:50.380,ab-sub-lo,LOW,audio,2115186644,,,,282017,0,0.003,,,
ab-file-2L-on-h264,4.3,2026-10-06T03:15:50.380,ab-sub-lo,LOW,video,2837384970,320,180,20,854844,0,0.012,0,0,
ab-file-2L-on-h264,6.4,2026-10-06T03:15:52.434,ab-sub-hi,HIGH,audio,1128210493,,,,311009,0,0.003,,,
ab-file-2L-on-h264,6.4,2026-10-06T03:15:52.434,ab-sub-hi,HIGH,video,1539260807,1280,720,30,6067382,0,0.009,1,0.333,
ab-file-2L-on-h264,6.4,2026-10-06T03:15:52.434,ab-sub-lo,LOW,audio,2115186644,,,,306941,0,0.002,,,
ab-file-2L-on-h264,6.4,2026-10-06T03:15:52.434,ab-sub-lo,LOW,video,2837384970,320,180,20,893433,0,0.008,0,0,
ab-file-2L-on-h264,8.4,2026-10-06T03:15:54.476,ab-sub-hi,HIGH,audio,1128210493,,,,331474,0,0.004,,,
ab-file-2L-on-h264,8.4,2026-10-06T03:15:54.476,ab-sub-hi,HIGH,video,1539260807,1280,720,24,6448020,0,0.011,1,0.333,
ab-file-2L-on-h264,8.4,2026-10-06T03:15:54.476,ab-sub-lo,LOW,audio,2115186644,,,,327406,0,0.004,,,
ab-file-2L-on-h264,8.4,2026-10-06T03:15:54.476,ab-sub-lo,LOW,video,2837384970,320,180,20,931406,0,0.008,0,0,
ab-file-2L-on-h264,10.5,2026-10-06T03:15:56.541,ab-sub-hi,HIGH,audio,1128210493,,,,349198,0,0.003,,,
ab-file-2L-on-h264,10.5,2026-10-06T03:15:56.541,ab-sub-hi,HIGH,video,1539260807,1280,720,29,6852484,0,0.011,1,0.333,
ab-file-2L-on-h264,10.5,2026-10-06T03:15:56.541,ab-sub-lo,LOW,audio,2115186644,,,,345398,0,0.003,,,
ab-file-2L-on-h264,10.5,2026-10-06T03:15:56.541,ab-sub-lo,LOW,video,2837384970,320,180,20,969497,0,0.004,0,0,
ab-file-2L-on-h264,12.5,2026-10-06T03:15:58.581,ab-sub-hi,HIGH,audio,1128210493,,,,374389,0,0.009,,,
ab-file-2L-on-h264,12.5,2026-10-06T03:15:58.581,ab-sub-hi,HIGH,video,1539260807,1280,720,25,7232243,0,0.014,1,0.333,
ab-file-2L-on-h264,12.5,2026-10-06T03:15:58.581,ab-sub-lo,LOW,audio,2115186644,,,,370548,0,0.009,,,
ab-file-2L-on-h264,12.5,2026-10-06T03:15:58.581,ab-sub-lo,LOW,video,2837384970,320,180,20,1007454,0,0.012,0,0,
ab-file-2L-on-h264,14.6,2026-10-06T03:16:00.648,ab-sub-hi,HIGH,audio,1128210493,,,,385290,0,0.004,,,
ab-file-2L-on-h264,14.6,2026-10-06T03:16:00.648,ab-sub-hi,HIGH,video,1539260807,960,540,28,7610385,0,0.01,1,0.333,
ab-file-2L-on-h264,14.6,2026-10-06T03:16:00.648,ab-sub-lo,LOW,audio,2115186644,,,,381457,0,0.004,,,
ab-file-2L-on-h264,14.6,2026-10-06T03:16:00.648,ab-sub-lo,LOW,video,2837384970,240,134,20,1045365,0,0.008,0,0,
ab-file-2L-on-h264,16.6,2026-10-06T03:16:02.674,ab-sub-hi,HIGH,audio,1128210493,,,,396074,0,0.003,,,
ab-file-2L-on-h264,16.6,2026-10-06T03:16:02.674,ab-sub-hi,HIGH,video,1539260807,960,540,30,8038983,0,0.007,1,0.333,
ab-file-2L-on-h264,16.6,2026-10-06T03:16:02.674,ab-sub-lo,LOW,audio,2115186644,,,,392006,0,0.003,,,
ab-file-2L-on-h264,16.6,2026-10-06T03:16:02.674,ab-sub-lo,LOW,video,2837384970,240,134,20,1082201,0,0.003,0,0,
ab-file-2L-on-h264,18.6,2026-10-06T03:16:04.702,ab-sub-hi,HIGH,audio,1128210493,,,,415099,0,0.003,,,
ab-file-2L-on-h264,18.6,2026-10-06T03:16:04.702,ab-sub-hi,HIGH,video,1539260807,960,540,29,8463556,0,0.009,1,0.333,
ab-file-2L-on-h264,18.6,2026-10-06T03:16:04.702,ab-sub-lo,LOW,audio,2115186644,,,,411031,0,0.003,,,
ab-file-2L-on-h264,18.6,2026-10-06T03:16:04.702,ab-sub-lo,LOW,video,2837384970,240,134,21,1120062,0,0.003,0,0,
ab-file-2L-on-h264,20.7,2026-10-06T03:16:06.741,ab-sub-hi,HIGH,audio,1128210493,,,,439257,0,0.007,,,
ab-file-2L-on-h264,20.7,2026-10-06T03:16:06.741,ab-sub-hi,HIGH,video,1539260807,960,540,29,8888400,0,0.01,1,0.333,
ab-file-2L-on-h264,20.7,2026-10-06T03:16:06.741,ab-sub-lo,LOW,audio,2115186644,,,,435189,0,0.007,,,
ab-file-2L-on-h264,20.7,2026-10-06T03:16:06.741,ab-sub-lo,LOW,video,2837384970,240,134,19,1157731,0,0.008,0,0,
ab-file-2L-on-h264,22.7,2026-10-06T03:16:08.789,ab-sub-hi,HIGH,audio,1128210493,,,,464663,0,0.003,,,
ab-file-2L-on-h264,22.7,2026-10-06T03:16:08.789,ab-sub-hi,HIGH,video,1539260807,960,540,30,9308265,0,0.009,1,0.333,
ab-file-2L-on-h264,22.7,2026-10-06T03:16:08.789,ab-sub-lo,LOW,audio,2115186644,,,,460842,0,0.003,,,
ab-file-2L-on-h264,22.7,2026-10-06T03:16:08.789,ab-sub-lo,LOW,video,2837384970,240,134,20,1195976,0,0.002,0,0,
ab-file-2L-on-h264,24.8,2026-10-06T03:16:10.814,ab-sub-hi,HIGH,audio,1128210493,,,,489830,0,0.004,,,
ab-file-2L-on-h264,24.8,2026-10-06T03:16:10.814,ab-sub-hi,HIGH,video,1539260807,960,540,30,9748649,0,0.009,1,0.333,
ab-file-2L-on-h264,24.8,2026-10-06T03:16:10.814,ab-sub-lo,LOW,audio,2115186644,,,,485762,0,0.004,,,
ab-file-2L-on-h264,24.8,2026-10-06T03:16:10.814,ab-sub-lo,LOW,video,2837384970,240,134,20,1231892,0,0.002,0,0,
ab-file-2L-on-h264,26.8,2026-10-06T03:16:12.847,ab-sub-hi,HIGH,audio,1128210493,,,,513993,0,0.001,,,
ab-file-2L-on-h264,26.8,2026-10-06T03:16:12.847,ab-sub-hi,HIGH,video,1539260807,960,540,29,10169759,0,0.007,1,0.333,
ab-file-2L-on-h264,26.8,2026-10-06T03:16:12.847,ab-sub-lo,LOW,audio,2115186644,,,,510150,0,0.001,,,
ab-file-2L-on-h264,26.8,2026-10-06T03:16:12.847,ab-sub-lo,LOW,video,2837384970,240,134,19,1267022,0,0.002,0,0,
ab-file-2L-on-h264,28.8,2026-10-06T03:16:14.864,ab-sub-hi,HIGH,audio,1128210493,,,,531123,0,0.001,,,
ab-file-2L-on-h264,28.8,2026-10-06T03:16:14.864,ab-sub-hi,HIGH,video,1539260807,960,540,30,10604880,0,0.007,1,0.333,
ab-file-2L-on-h264,28.8,2026-10-06T03:16:14.864,ab-sub-lo,LOW,audio,2115186644,,,,527055,0,0.001,,,
ab-file-2L-on-h264,28.8,2026-10-06T03:16:14.864,ab-sub-lo,LOW,video,2837384970,240,134,20,1284981,0,0.002,0,0,
ab-file-2L-on-h264,30.8,2026-10-06T03:16:16.887,ab-sub-hi,HIGH,audio,1128210493,,,,551834,0,0.002,,,
ab-file-2L-on-h264,30.8,2026-10-06T03:16:16.887,ab-sub-hi,HIGH,video,1539260807,960,540,30,11013825,0,0.01,1,0.333,
ab-file-2L-on-h264,30.8,2026-10-06T03:16:16.887,ab-sub-lo,LOW,audio,2115186644,,,,547987,0,0.003,,,
ab-file-2L-on-h264,30.8,2026-10-06T03:16:16.887,ab-sub-lo,LOW,video,2837384970,240,134,20,1299967,0,0.003,0,0,
ab-file-2L-on-h264,32.9,2026-10-06T03:16:18.934,ab-sub-hi,HIGH,audio,1128210493,,,,576879,0,0.003,,,
ab-file-2L-on-h264,32.9,2026-10-06T03:16:18.934,ab-sub-hi,HIGH,video,1539260807,960,540,30,11442099,0,0.009,1,0.333,
ab-file-2L-on-h264,32.9,2026-10-06T03:16:18.934,ab-sub-lo,LOW,audio,2115186644,,,,572811,0,0.003,,,
ab-file-2L-on-h264,32.9,2026-10-06T03:16:18.934,ab-sub-lo,LOW,video,2837384970,240,134,19,1314867,0,0.003,0,0,
ab-file-2L-on-h264,34.9,2026-10-06T03:16:20.970,ab-sub-hi,HIGH,audio,1128210493,,,,587200,0,0.003,,,
ab-file-2L-on-h264,34.9,2026-10-06T03:16:20.970,ab-sub-hi,HIGH,video,1539260807,960,540,30,11859089,0,0.011,1,0.333,
ab-file-2L-on-h264,34.9,2026-10-06T03:16:20.970,ab-sub-lo,LOW,audio,2115186644,,,,583132,0,0.003,,,
ab-file-2L-on-h264,34.9,2026-10-06T03:16:20.970,ab-sub-lo,LOW,video,2837384970,240,134,20,1338586,0,0.005,0,0,
ab-file-2L-on-h264,37,2026-10-06T03:16:23.029,ab-sub-hi,HIGH,audio,1128210493,,,,595721,0,0.002,,,
ab-file-2L-on-h264,37,2026-10-06T03:16:23.029,ab-sub-hi,HIGH,video,1539260807,960,540,29,12298878,0,0.006,1,0.333,
ab-file-2L-on-h264,37,2026-10-06T03:16:23.029,ab-sub-lo,LOW,audio,2115186644,,,,591653,0,0.002,,,
ab-file-2L-on-h264,37,2026-10-06T03:16:23.029,ab-sub-lo,LOW,video,2837384970,240,134,20,1376264,0,0.002,0,0,
ab-file-2L-on-h264,39,2026-10-06T03:16:25.089,ab-sub-hi,HIGH,audio,1128210493,,,,618199,0,0.003,,,
ab-file-2L-on-h264,39,2026-10-06T03:16:25.089,ab-sub-hi,HIGH,video,1539260807,960,540,29,12715720,0,0.009,1,0.333,
ab-file-2L-on-h264,39,2026-10-06T03:16:25.089,ab-sub-lo,LOW,audio,2115186644,,,,613589,0,0.003,,,
ab-file-2L-on-h264,39,2026-10-06T03:16:25.089,ab-sub-lo,LOW,video,2837384970,240,134,20,1414106,0,0.005,0,0,
ab-file-2L-on-h264,41.1,2026-10-06T03:16:27.141,ab-sub-hi,HIGH,audio,1128210493,,,,642748,0,0.002,,,
ab-file-2L-on-h264,41.1,2026-10-06T03:16:27.141,ab-sub-hi,HIGH,video,1539260807,960,540,30,13146720,0,0.008,1,0.333,
ab-file-2L-on-h264,41.1,2026-10-06T03:16:27.141,ab-sub-lo,LOW,audio,2115186644,,,,638946,0,0.002,,,
ab-file-2L-on-h264,41.1,2026-10-06T03:16:27.141,ab-sub-lo,LOW,video,2837384970,240,134,21,1451645,0,0.003,0,0,
ab-file-2L-on-h264,43.1,2026-10-06T03:16:29.182,ab-sub-hi,HIGH,audio,1128210493,,,,668071,0,0.006,,,
ab-file-2L-on-h264,43.1,2026-10-06T03:16:29.182,ab-sub-hi,HIGH,video,1539260807,960,540,29,13562971,0,0.013,1,0.333,
ab-file-2L-on-h264,43.1,2026-10-06T03:16:29.182,ab-sub-lo,LOW,audio,2115186644,,,,664243,0,0.007,,,
ab-file-2L-on-h264,43.1,2026-10-06T03:16:29.182,ab-sub-lo,LOW,video,2837384970,240,134,20,1489756,0,0.008,0,0,
ab-file-2L-on-h264,45.2,2026-10-06T03:16:31.250,ab-sub-hi,HIGH,audio,1128210493,,,,693639,0,0.003,,,
ab-file-2L-on-h264,45.2,2026-10-06T03:16:31.250,ab-sub-hi,HIGH,video,1539260807,960,540,30,14004650,0,0.01,1,0.333,
ab-file-2L-on-h264,45.2,2026-10-06T03:16:31.250,ab-sub-lo,LOW,audio,2115186644,,,,689571,0,0.003,,,
ab-file-2L-on-h264,45.2,2026-10-06T03:16:31.250,ab-sub-lo,LOW,video,2837384970,240,134,20,1527550,0,0.004,0,0,
ab-file-2L-on-h264,47.2,2026-10-06T03:16:33.284,ab-sub-hi,HIGH,audio,1128210493,,,,717756,0,0.003,,,
ab-file-2L-on-h264,47.2,2026-10-06T03:16:33.284,ab-sub-hi,HIGH,video,1539260807,960,540,30,14420902,0,0.008,1,0.333,
ab-file-2L-on-h264,47.2,2026-10-06T03:16:33.284,ab-sub-lo,LOW,audio,2115186644,,,,713688,0,0.003,,,
ab-file-2L-on-h264,47.2,2026-10-06T03:16:33.284,ab-sub-lo,LOW,video,2837384970,240,134,21,1566329,0,0.004,0,0,
ab-file-2L-on-h264,49.3,2026-10-06T03:16:35.327,ab-sub-hi,HIGH,audio,1128210493,,,,731362,0,0.003,,,
ab-file-2L-on-h264,49.3,2026-10-06T03:16:35.327,ab-sub-hi,HIGH,video,1539260807,960,540,30,14862539,0,0.009,1,0.333,
ab-file-2L-on-h264,49.3,2026-10-06T03:16:35.327,ab-sub-lo,LOW,audio,2115186644,,,,727294,0,0.003,,,
ab-file-2L-on-h264,49.3,2026-10-06T03:16:35.327,ab-sub-lo,LOW,video,2837384970,240,134,20,1604650,0,0.003,0,0,
ab-file-2L-on-h264,51.3,2026-10-06T03:16:37.362,ab-sub-hi,HIGH,audio,1128210493,,,,756481,0,0.003,,,
ab-file-2L-on-h264,51.3,2026-10-06T03:16:37.362,ab-sub-hi,HIGH,video,1539260807,960,540,30,15292663,0,0.01,1,0.333,
ab-file-2L-on-h264,51.3,2026-10-06T03:16:37.362,ab-sub-lo,LOW,audio,2115186644,,,,752413,0,0.003,,,
ab-file-2L-on-h264,51.3,2026-10-06T03:16:37.362,ab-sub-lo,LOW,video,2837384970,240,134,20,1641507,0,0.004,0,0,
ab-file-2L-on-h264,53.4,2026-10-06T03:16:39.409,ab-sub-hi,HIGH,audio,1128210493,,,,780980,0,0.002,,,
ab-file-2L-on-h264,53.4,2026-10-06T03:16:39.409,ab-sub-hi,HIGH,video,1539260807,960,540,29,15728857,0,0.007,1,0.333,
ab-file-2L-on-h264,53.4,2026-10-06T03:16:39.409,ab-sub-lo,LOW,audio,2115186644,,,,776912,0,0.002,,,
ab-file-2L-on-h264,53.4,2026-10-06T03:16:39.409,ab-sub-lo,LOW,video,2837384970,240,134,20,1679968,0,0.002,0,0,
ab-file-2L-on-h264,55.4,2026-10-06T03:16:41.432,ab-sub-hi,HIGH,audio,1128210493,,,,787549,0,0.004,,,
ab-file-2L-on-h264,55.4,2026-10-06T03:16:41.432,ab-sub-hi,HIGH,video,1539260807,960,540,30,16153050,0,0.008,1,0.333,
ab-file-2L-on-h264,55.4,2026-10-06T03:16:41.432,ab-sub-lo,LOW,audio,2115186644,,,,783481,0,0.004,,,
ab-file-2L-on-h264,55.4,2026-10-06T03:16:41.432,ab-sub-lo,LOW,video,2837384970,240,134,20,1715792,0,0.005,0,0,
ab-file-2L-on-h264,57.4,2026-10-06T03:16:43.461,ab-sub-hi,HIGH,audio,1128210493,,,,797123,0,0.002,,,
ab-file-2L-on-h264,57.4,2026-10-06T03:16:43.461,ab-sub-hi,HIGH,video,1539260807,960,540,30,16575624,0,0.007,1,0.333,
ab-file-2L-on-h264,57.4,2026-10-06T03:16:43.461,ab-sub-lo,LOW,audio,2115186644,,,,793055,0,0.003,,,
ab-file-2L-on-h264,57.4,2026-10-06T03:16:43.461,ab-sub-lo,LOW,video,2837384970,240,134,20,1753680,0,0.002,0,0,
ab-file-2L-on-h264,59.4,2026-10-06T03:16:45.506,ab-sub-hi,HIGH,audio,1128210493,,,,822180,0,0.008,,,
ab-file-2L-on-h264,59.4,2026-10-06T03:16:45.506,ab-sub-hi,HIGH,video,1539260807,960,540,31,16999958,0,0.009,1,0.333,
ab-file-2L-on-h264,59.4,2026-10-06T03:16:45.506,ab-sub-lo,LOW,audio,2115186644,,,,818317,0,0.008,,,
ab-file-2L-on-h264,59.4,2026-10-06T03:16:45.506,ab-sub-lo,LOW,video,2837384970,240,134,19,1791107,0,0.004,0,0,
ab-file-2L-on-h264,61.5,2026-10-06T03:16:47.596,ab-sub-hi,HIGH,audio,1128210493,,,,846956,0,0.006,,,
ab-file-2L-on-h264,61.5,2026-10-06T03:16:47.596,ab-sub-hi,HIGH,video,1539260807,960,540,30,17423327,0,0.011,1,0.333,
ab-file-2L-on-h264,61.5,2026-10-06T03:16:47.596,ab-sub-lo,LOW,audio,2115186644,,,,843135,0,0.006,,,
ab-file-2L-on-h264,61.5,2026-10-06T03:16:47.596,ab-sub-lo,LOW,video,2837384970,240,134,19,1829809,0,0.008,0,0,
ab-file-2L-on-h264,63.6,2026-10-06T03:16:49.648,ab-sub-hi,HIGH,audio,1128210493,,,,872263,0,0.002,,,
ab-file-2L-on-h264,63.6,2026-10-06T03:16:49.648,ab-sub-hi,HIGH,video,1539260807,960,540,29,17855728,0,0.008,1,0.333,
ab-file-2L-on-h264,63.6,2026-10-06T03:16:49.648,ab-sub-lo,LOW,audio,2115186644,,,,868432,0,0.002,,,
ab-file-2L-on-h264,63.6,2026-10-06T03:16:49.648,ab-sub-lo,LOW,video,2837384970,240,134,20,1867917,0,0.003,0,0,
ab-file-2L-on-h264,65.6,2026-10-06T03:16:51.678,ab-sub-hi,HIGH,audio,1128210493,,,,897372,0,0.002,,,
ab-file-2L-on-h264,65.6,2026-10-06T03:16:51.678,ab-sub-hi,HIGH,video,1539260807,960,540,30,18283331,0,0.006,1,0.333,
ab-file-2L-on-h264,65.6,2026-10-06T03:16:51.678,ab-sub-lo,LOW,audio,2115186644,,,,893304,0,0.002,,,
ab-file-2L-on-h264,65.6,2026-10-06T03:16:51.678,ab-sub-lo,LOW,video,2837384970,240,134,20,1905020,0,0.003,0,0,
ab-file-2L-on-h264,67.6,2026-10-06T03:16:53.703,ab-sub-hi,HIGH,audio,1128210493,,,,921635,0,0.003,,,
ab-file-2L-on-h264,67.6,2026-10-06T03:16:53.703,ab-sub-hi,HIGH,video,1539260807,960,540,30,18697036,0,0.008,1,0.333,
ab-file-2L-on-h264,67.6,2026-10-06T03:16:53.703,ab-sub-lo,LOW,audio,2115186644,,,,918040,0,0.003,,,
ab-file-2L-on-h264,67.6,2026-10-06T03:16:53.703,ab-sub-lo,LOW,video,2837384970,240,134,20,1944576,0,0.003,0,0,
ab-file-2L-on-h264,69.7,2026-10-06T03:16:55.767,ab-sub-hi,HIGH,audio,1128210493,,,,935260,0,0.002,,,
ab-file-2L-on-h264,69.7,2026-10-06T03:16:55.767,ab-sub-hi,HIGH,video,1539260807,960,540,29,19134068,0,0.005,1,0.333,
ab-file-2L-on-h264,69.7,2026-10-06T03:16:55.767,ab-sub-lo,LOW,audio,2115186644,,,,931443,0,0.002,,,
ab-file-2L-on-h264,69.7,2026-10-06T03:16:55.767,ab-sub-lo,LOW,video,2837384970,240,134,20,1981615,0,0.002,0,0,
ab-file-2L-on-h264,71.8,2026-10-06T03:16:57.809,ab-sub-hi,HIGH,audio,1128210493,,,,960244,0,0.005,,,
ab-file-2L-on-h264,71.8,2026-10-06T03:16:57.809,ab-sub-hi,HIGH,video,1539260807,960,540,29,19553283,0,0.012,1,0.333,
ab-file-2L-on-h264,71.8,2026-10-06T03:16:57.809,ab-sub-lo,LOW,audio,2115186644,,,,956176,0,0.005,,,
ab-file-2L-on-h264,71.8,2026-10-06T03:16:57.809,ab-sub-lo,LOW,video,2837384970,240,134,20,2019823,0,0.006,0,0,
ab-file-2L-on-h264,73.8,2026-10-06T03:16:59.862,ab-sub-hi,HIGH,audio,1128210493,,,,980636,0,0.001,,,
ab-file-2L-on-h264,73.8,2026-10-06T03:16:59.862,ab-sub-hi,HIGH,video,1539260807,960,540,30,19976276,0,0.008,1,0.333,
ab-file-2L-on-h264,73.8,2026-10-06T03:16:59.862,ab-sub-lo,LOW,audio,2115186644,,,,976568,0,0.001,,,
ab-file-2L-on-h264,73.8,2026-10-06T03:16:59.862,ab-sub-lo,LOW,video,2837384970,240,134,20,2057885,0,0.003,0,0,
ab-file-2L-on-h264,75.9,2026-10-06T03:17:01.942,ab-sub-hi,HIGH,audio,1128210493,,,,992247,0,0.002,,,
ab-file-2L-on-h264,75.9,2026-10-06T03:17:01.942,ab-sub-hi,HIGH,video,1539260807,960,540,29,20412202,0,0.008,1,0.333,
ab-file-2L-on-h264,75.9,2026-10-06T03:17:01.942,ab-sub-lo,LOW,audio,2115186644,,,,988179,0,0.002,,,
ab-file-2L-on-h264,75.9,2026-10-06T03:17:01.942,ab-sub-lo,LOW,video,2837384970,240,134,19,2096782,0,0.003,0,0,
ab-file-2L-on-h264,77.9,2026-10-06T03:17:03.993,ab-sub-hi,HIGH,audio,1128210493,,,,1002184,0,0.003,,,
ab-file-2L-on-h264,77.9,2026-10-06T03:17:03.993,ab-sub-hi,HIGH,video,1539260807,960,540,30,20847078,0,0.01,1,0.333,
ab-file-2L-on-h264,77.9,2026-10-06T03:17:03.993,ab-sub-lo,LOW,audio,2115186644,,,,998116,0,0.003,,,
ab-file-2L-on-h264,77.9,2026-10-06T03:17:03.993,ab-sub-lo,LOW,video,2837384970,240,134,20,2134313,0,0.003,0,0,
ab-file-2L-on-h264,80,2026-10-06T03:17:06.049,ab-sub-hi,HIGH,audio,1128210493,,,,1026861,0,0.002,,,
ab-file-2L-on-h264,80,2026-10-06T03:17:06.049,ab-sub-hi,HIGH,video,1539260807,960,540,30,21281192,0,0.009,1,0.333,
ab-file-2L-on-h264,80,2026-10-06T03:17:06.049,ab-sub-lo,LOW,audio,2115186644,,,,1022793,0,0.002,,,
ab-file-2L-on-h264,80,2026-10-06T03:17:06.049,ab-sub-lo,LOW,video,2837384970,240,134,20,2172536,0,0.003,0,0,
ab-file-2L-on-h264,82.1,2026-10-06T03:17:08.112,ab-sub-hi,HIGH,audio,1128210493,,,,1051931,0,0.004,,,
ab-file-2L-on-h264,82.1,2026-10-06T03:17:08.112,ab-sub-hi,HIGH,video,1539260807,960,540,30,21708926,0,0.01,1,0.333,
ab-file-2L-on-h264,82.1,2026-10-06T03:17:08.112,ab-sub-lo,LOW,audio,2115186644,,,,1047863,0,0.004,,,
ab-file-2L-on-h264,82.1,2026-10-06T03:17:08.112,ab-sub-lo,LOW,video,2837384970,240,134,19,2209163,0,0.004,0,0,
ab-file-2L-on-h264,84.1,2026-10-06T03:17:10.156,ab-sub-hi,HIGH,audio,1128210493,,,,1077315,0,0.002,,,
ab-file-2L-on-h264,84.1,2026-10-06T03:17:10.156,ab-sub-hi,HIGH,video,1539260807,960,540,30,22134873,0,0.007,1,0.333,
ab-file-2L-on-h264,84.1,2026-10-06T03:17:10.156,ab-sub-lo,LOW,audio,2115186644,,,,1073509,0,0.002,,,
ab-file-2L-on-h264,84.1,2026-10-06T03:17:10.156,ab-sub-lo,LOW,video,2837384970,240,134,20,2248379,0,0.003,0,0,
ab-file-2L-on-h264,86.1,2026-10-06T03:17:12.189,ab-sub-hi,HIGH,audio,1128210493,,,,1102011,0,0.001,,,
ab-file-2L-on-h264,86.1,2026-10-06T03:17:12.189,ab-sub-hi,HIGH,video,1539260807,960,540,29,22562373,0,0.007,1,0.333,
ab-file-2L-on-h264,86.1,2026-10-06T03:17:12.189,ab-sub-lo,LOW,audio,2115186644,,,,1098173,0,0.002,,,
ab-file-2L-on-h264,86.1,2026-10-06T03:17:12.189,ab-sub-lo,LOW,video,2837384970,240,134,20,2284588,0,0.003,0,0,
ab-file-2L-on-h264,88.2,2026-10-06T03:17:14.232,ab-sub-hi,HIGH,audio,1128210493,,,,1126647,0,0.002,,,
ab-file-2L-on-h264,88.2,2026-10-06T03:17:14.232,ab-sub-hi,HIGH,video,1539260807,960,540,30,23000054,0,0.008,1,0.333,
ab-file-2L-on-h264,88.2,2026-10-06T03:17:14.232,ab-sub-lo,LOW,audio,2115186644,,,,1122791,0,0.003,,,
ab-file-2L-on-h264,88.2,2026-10-06T03:17:14.232,ab-sub-lo,LOW,video,2837384970,240,134,20,2310578,0,0.004,0,0,
ab-file-2L-on-h264,90.2,2026-10-06T03:17:16.303,ab-sub-hi,HIGH,audio,1128210493,,,,1140529,0,0.002,,,
ab-file-2L-on-h264,90.2,2026-10-06T03:17:16.303,ab-sub-hi,HIGH,video,1539260807,960,540,31,23437970,0,0.008,1,0.333,
ab-file-2L-on-h264,90.2,2026-10-06T03:17:16.303,ab-sub-lo,LOW,audio,2115186644,,,,1136461,0,0.002,,,
ab-file-2L-on-h264,90.2,2026-10-06T03:17:16.303,ab-sub-lo,LOW,video,2837384970,240,134,19,2322545,0,0.004,0,0,
ab-file-2L-on-h264,92.3,2026-10-06T03:17:18.335,ab-sub-hi,HIGH,audio,1128210493,,,,1165435,0,0.003,,,
ab-file-2L-on-h264,92.3,2026-10-06T03:17:18.335,ab-sub-hi,HIGH,video,1539260807,960,540,29,23863127,0,0.008,1,0.333,
ab-file-2L-on-h264,92.3,2026-10-06T03:17:18.335,ab-sub-lo,LOW,audio,2115186644,,,,1162101,0,0.003,,,
ab-file-2L-on-h264,92.3,2026-10-06T03:17:18.335,ab-sub-lo,LOW,video,2837384970,240,134,21,2339376,0,0.004,0,0,
ab-file-2L-on-h264,94.4,2026-10-06T03:17:20.451,ab-sub-hi,HIGH,audio,1128210493,,,,1180881,0,0.001,,,
ab-file-2L-on-h264,94.4,2026-10-06T03:17:20.451,ab-sub-hi,HIGH,video,1539260807,960,540,31,24305781,0,0.009,1,0.333,
ab-file-2L-on-h264,94.4,2026-10-06T03:17:20.451,ab-sub-lo,LOW,audio,2115186644,,,,1176813,0,0.001,,,
ab-file-2L-on-h264,94.4,2026-10-06T03:17:20.451,ab-sub-lo,LOW,video,2837384970,240,134,20,2356347,0,0.005,0,0,
ab-file-2L-on-h264,96.4,2026-10-06T03:17:22.497,ab-sub-hi,HIGH,audio,1128210493,,,,1194114,0,0.002,,,
ab-file-2L-on-h264,96.4,2026-10-06T03:17:22.497,ab-sub-hi,HIGH,video,1539260807,960,540,31,24737118,0,0.007,1,0.333,
ab-file-2L-on-h264,96.4,2026-10-06T03:17:22.497,ab-sub-lo,LOW,audio,2115186644,,,,1190046,0,0.002,,,
ab-file-2L-on-h264,96.4,2026-10-06T03:17:22.497,ab-sub-lo,LOW,video,2837384970,240,134,20,2395576,0,0.002,0,0,
ab-file-2L-on-h264,98.5,2026-10-06T03:17:24.521,ab-sub-hi,HIGH,audio,1128210493,,,,1207173,0,0.002,,,
ab-file-2L-on-h264,98.5,2026-10-06T03:17:24.521,ab-sub-hi,HIGH,video,1539260807,960,540,29,25158445,0,0.008,1,0.333,
ab-file-2L-on-h264,98.5,2026-10-06T03:17:24.521,ab-sub-lo,LOW,audio,2115186644,,,,1203105,0,0.002,,,
ab-file-2L-on-h264,98.5,2026-10-06T03:17:24.521,ab-sub-lo,LOW,video,2837384970,240,134,20,2434083,0,0.002,0,0,
ab-file-2L-on-h264,100.5,2026-10-06T03:17:26.566,ab-sub-hi,HIGH,audio,1128210493,,,,1231215,0,0.002,,,
ab-file-2L-on-h264,100.5,2026-10-06T03:17:26.566,ab-sub-hi,HIGH,video,1539260807,960,540,30,25582137,0,0.006,1,0.333,
ab-file-2L-on-h264,100.5,2026-10-06T03:17:26.566,ab-sub-lo,LOW,audio,2115186644,,,,1227368,0,0.002,,,
ab-file-2L-on-h264,100.5,2026-10-06T03:17:26.566,ab-sub-lo,LOW,video,2837384970,240,134,21,2471883,0,0.002,0,0,
ab-file-2L-on-h264,102.5,2026-10-06T03:17:28.605,ab-sub-hi,HIGH,audio,1128210493,,,,1257146,0,0.013,,,
ab-file-2L-on-h264,102.5,2026-10-06T03:17:28.605,ab-sub-hi,HIGH,video,1539260807,960,540,29,26012246,0,0.016,1,0.333,
ab-file-2L-on-h264,102.5,2026-10-06T03:17:28.605,ab-sub-lo,LOW,audio,2115186644,,,,1254560,0,0.013,,,
ab-file-2L-on-h264,102.5,2026-10-06T03:17:28.605,ab-sub-lo,LOW,video,2837384970,240,134,20,2510989,0,0.012,0,0,
ab-file-2L-on-h264,104.7,2026-10-06T03:17:30.787,ab-sub-hi,HIGH,audio,1128210493,,,,1284042,0,0.002,,,
ab-file-2L-on-h264,104.7,2026-10-06T03:17:30.787,ab-sub-hi,HIGH,video,1539260807,960,540,30,26468129,0,0.01,1,0.333,
ab-file-2L-on-h264,104.7,2026-10-06T03:17:30.787,ab-sub-lo,LOW,audio,2115186644,,,,1280233,0,0.003,,,
ab-file-2L-on-h264,104.7,2026-10-06T03:17:30.787,ab-sub-lo,LOW,video,2837384970,240,134,21,2547569,0,0.006,0,0,
ab-file-2L-on-h264,106.8,2026-10-06T03:17:32.854,ab-sub-hi,HIGH,audio,1128210493,,,,1308947,0,0.002,,,
ab-file-2L-on-h264,106.8,2026-10-06T03:17:32.854,ab-sub-hi,HIGH,video,1539260807,960,540,30,26901013,0,0.007,1,0.333,
ab-file-2L-on-h264,106.8,2026-10-06T03:17:32.854,ab-sub-lo,LOW,audio,2115186644,,,,1304879,0,0.002,,,
ab-file-2L-on-h264,106.8,2026-10-06T03:17:32.854,ab-sub-lo,LOW,video,2837384970,240,134,20,2586023,0,0.002,0,0,
ab-file-2L-on-h264,108.8,2026-10-06T03:17:34.888,ab-sub-hi,HIGH,audio,1128210493,,,,1329179,0,0.002,,,
ab-file-2L-on-h264,108.8,2026-10-06T03:17:34.888,ab-sub-hi,HIGH,video,1539260807,960,540,30,27325668,0,0.007,1,0.333,
ab-file-2L-on-h264,108.8,2026-10-06T03:17:34.888,ab-sub-lo,LOW,audio,2115186644,,,,1325111,0,0.002,,,
ab-file-2L-on-h264,108.8,2026-10-06T03:17:34.888,ab-sub-lo,LOW,video,2837384970,240,134,20,2624024,0,0.002,0,0,
ab-file-2L-on-h264,110.9,2026-10-06T03:17:36.935,ab-sub-hi,HIGH,audio,1128210493,,,,1346903,0,0.002,,,
ab-file-2L-on-h264,110.9,2026-10-06T03:17:36.935,ab-sub-hi,HIGH,video,1539260807,960,540,30,27760030,0,0.008,1,0.333,
ab-file-2L-on-h264,110.9,2026-10-06T03:17:36.935,ab-sub-lo,LOW,audio,2115186644,,,,1342835,0,0.002,,,
ab-file-2L-on-h264,110.9,2026-10-06T03:17:36.935,ab-sub-lo,LOW,video,2837384970,240,134,20,2659610,0,0.003,0,0,
ab-file-2L-on-h264,112.9,2026-10-06T03:17:38.967,ab-sub-hi,HIGH,audio,1128210493,,,,1371876,0,0.002,,,
ab-file-2L-on-h264,112.9,2026-10-06T03:17:38.967,ab-sub-hi,HIGH,video,1539260807,960,540,30,28185413,0,0.006,1,0.333,
ab-file-2L-on-h264,112.9,2026-10-06T03:17:38.967,ab-sub-lo,LOW,audio,2115186644,,,,1367808,0,0.002,,,
ab-file-2L-on-h264,112.9,2026-10-06T03:17:38.967,ab-sub-lo,LOW,video,2837384970,240,134,20,2698842,0,0.002,0,0,
ab-file-2L-on-h264,115,2026-10-06T03:17:41.013,ab-sub-hi,HIGH,audio,1128210493,,,,1382746,0,0.003,,,
ab-file-2L-on-h264,115,2026-10-06T03:17:41.013,ab-sub-hi,HIGH,video,1539260807,960,540,29,28624573,0,0.008,1,0.333,
ab-file-2L-on-h264,115,2026-10-06T03:17:41.013,ab-sub-lo,LOW,audio,2115186644,,,,1378678,0,0.003,,,
ab-file-2L-on-h264,115,2026-10-06T03:17:41.013,ab-sub-lo,LOW,video,2837384970,240,134,21,2735689,0,0.004,0,0,
ab-file-2L-on-h264,117,2026-10-06T03:17:43.032,ab-sub-hi,HIGH,audio,1128210493,,,,1393779,0,0.002,,,
ab-file-2L-on-h264,117,2026-10-06T03:17:43.032,ab-sub-hi,HIGH,video,1539260807,960,540,30,29037038,0,0.005,1,0.333,
ab-file-2L-on-h264,117,2026-10-06T03:17:43.032,ab-sub-lo,LOW,audio,2115186644,,,,1389711,0,0.002,,,
ab-file-2L-on-h264,117,2026-10-06T03:17:43.032,ab-sub-lo,LOW,video,2837384970,240,134,20,2772687,0,0.002,0,0,
ab-file-2L-on-h264,119,2026-10-06T03:17:45.068,ab-sub-hi,HIGH,audio,1128210493,,,,1412330,0,0.002,,,
ab-file-2L-on-h264,119,2026-10-06T03:17:45.068,ab-sub-hi,HIGH,video,1539260807,960,540,30,29462266,0,0.007,1,0.333,
ab-file-2L-on-h264,119,2026-10-06T03:17:45.068,ab-sub-lo,LOW,audio,2115186644,,,,1408024,0,0.002,,,
ab-file-2L-on-h264,119,2026-10-06T03:17:45.068,ab-sub-lo,LOW,video,2837384970,240,134,20,2811066,0,0.003,0,0,
ab-file-2L-on-h264,121,2026-10-06T03:17:47.097,ab-sub-hi,HIGH,audio,1128210493,,,,1436538,0,0.001,,,
ab-file-2L-on-h264,121,2026-10-06T03:17:47.097,ab-sub-hi,HIGH,video,1539260807,960,540,28,29881277,0,0.008,1,0.333,
ab-file-2L-on-h264,121,2026-10-06T03:17:47.097,ab-sub-lo,LOW,audio,2115186644,,,,1431923,0,0.001,,,
ab-file-2L-on-h264,121,2026-10-06T03:17:47.097,ab-sub-lo,LOW,video,2837384970,240,134,20,2847624,0,0.005,0,0,
